root,geom,btag,horizon,estimator,cv_RV,cv_TRV3,elasticity_RV,elasticity_TRV3,ratio_max_min_RV,ratio_max_min_TRV3,elasticity_shift_TRV3_minus_RV,moves_toward_minus1
ES,GLOBEX,B0,1day,E1_a_exp_L1-10,0.0843544609516444,0.19258616167122575,-0.2740783270776374,-1.1045499162763368,1.3605569890083837,2.1978833229871033,-0.8304715891986993,True
ES,GLOBEX,B0,1day,E1_a_exp_L1-5,0.08668018852212601,0.112452327149427,-0.28908530220770856,-1.105688813283882,1.373159917329864,1.5804270940098428,-0.8166035110761735,True
ES,GLOBEX,B0,1day,E1_d_model_L1-10,0.029921201645922674,0.2284872105622377,-1.1344936014385867,-5.939631864674974,1.083638550260822,2.191327899005586,-4.805138263236387,False
ES,GLOBEX,B0,1day,E1_d_model_L1-5,0.08611868130667043,0.3367397930054532,-0.9246842563636127,-3.1396588282535958,1.3609469649902635,2.2079180039045934,-2.214974571889983,False
ES,GLOBEX,B0,1day,E2,0.10403163128567436,0.2884673698392233,-0.22148537119236822,-0.9955143440321177,1.4677687052837385,2.5490808790159183,-0.7740289728397495,True
ES,GLOBEX,B0,1day,E4,0.15147451173091447,1.822806699199154,-0.6265040342520823,-0.16912029393429046,1.6831145796068003,237.089583825637,0.4573837403177919,False
ES,GLOBEX,B0,1day,E4_asS05,0.21568508111876422,1.822806699199154,-0.16912029393429046,-0.16912029393429046,1.967690182153563,237.089583825637,0.0,False
ES,GLOBEX,B1,1day,E1_a_exp_L1-10,0.08542813419357788,0.11308764567320297,-0.2736803912401553,-0.7500112706102053,1.3625753279845534,1.4343314393015512,-0.47633087937005003,True
ES,GLOBEX,B1,1day,E1_a_exp_L1-5,0.08838895785975637,0.13209775141829083,-0.28765518376388455,-0.7952630566763309,1.3774029660255889,1.5539713651427354,-0.5076078729124464,True
ES,GLOBEX,B1,1day,E1_d_model_L1-10,0.025886102411848563,0.16591174223322921,-1.1347918609389083,-4.177146871569492,1.0767798297671183,1.6515843893034683,-3.0423550106305832,False
ES,GLOBEX,B1,1day,E1_d_model_L1-5,0.08734953329443292,0.13010059513248676,-0.9254676600928108,-2.58053984218677,1.3651978794450903,1.6340013734689043,-1.6550721820939591,False
ES,GLOBEX,B1,1day,E2,0.10448819319355665,0.6399906181550221,-0.22252506608328093,-0.6219496476453211,1.4644647701634814,4.690019431741955,-0.3994245815620402,True
ES,GLOBEX,B1,1day,E4,0.15159307787617707,2.6771784535013166,-0.6267003425525822,-0.46252792803917303,1.69063259608596,236.81711067805855,0.1641724145134092,False
ES,GLOBEX,B1,1day,E4_asS05,0.1915302651521639,2.6771784535013166,-0.46252792803917303,-0.46252792803917303,1.9337794736752094,236.81711067805855,0.0,False
ES,RTH,B0,1day,E1_a_exp_L1-10,0.07740636764350027,0.09223195957634975,-0.2868735366040316,-0.8794268543822132,1.283939403381122,1.388270865428942,-0.5925533177781817,True
ES,RTH,B0,1day,E1_a_exp_L1-5,0.0789059614878342,0.08448905531881047,-0.3108647917012917,-0.9179856876214152,1.2848982659382497,1.3349416954595306,-0.6071208959201235,True
ES,RTH,B0,1day,E1_d_model_L1-10,0.03634149396307612,0.03278468985163793,-1.6237074943583762,-6.882783170389269,1.1121262263793914,1.0898118894034232,-5.259075676030893,False
ES,RTH,B0,1day,E1_d_model_L1-5,0.0776082614250535,0.08039966480370725,-0.8435308237409708,-2.0247847911223382,1.2736014888554938,1.290437868578677,-1.1812539673813673,False
ES,RTH,B0,1day,E2,0.0863917895648693,0.0863917895648693,-0.3702899586142057,-0.921206835667763,1.3084678217747214,1.3084678217747214,-0.5509168770535573,True
ES,RTH,B0,1day,E4,0.13227681126470064,2.5283900497938614,-0.7044242036543622,-0.33350109232472747,1.520825883822064,220.71852248596846,0.37092311132963474,False
ES,RTH,B0,1day,E4_asS05,0.18198118106600494,2.5283900497938614,-0.33350109232472747,-0.33350109232472747,1.794255801892122,220.71852248596846,0.0,False
ES,RTH,B0,1h,E1_a_exp_L1-10,0.06840326975349474,1.9274394505734416,-0.335683409621666,-2.8241009665466548,1.2576043538564288,51.74821538000093,-2.488417556924989,False
ES,RTH,B0,1h,E1_a_exp_L1-5,0.06841161658030147,1.5008526598628704,-0.36061815010505055,-2.9104014187797698,1.2590628539001558,29.460681466641233,-2.549783268674719,False
ES,RTH,B0,1h,E1_d_model_L1-10,0.07235997989309942,1.895758361691569,-0.6987000311963419,-3.517769218345702,1.275725653752897,47.833652028798326,-2.81906918714936,False
ES,RTH,B0,1h,E1_d_model_L1-5,0.07136254381018105,2.725800398153623,-0.7836817751683093,-2.9974512662294814,1.2712993492321134,762.3803967882676,-2.2137694910611723,False
ES,RTH,B0,1h,E2,0.06298732366173779,0.5433254930026374,-0.49644146004867323,-3.9497779167760303,1.2119703447370576,3.5679308274753896,-3.453336456727357,False
ES,RTH,B0,1h,E4,0.10983132972435264,1.6491425555243013,-0.6434127893703211,2.4540905671483766,1.4581649260188374,2059.3071834224315,3.097503356518698,False
ES,RTH,B0,1h,E4_asS05,0.17226549264899207,1.6491425555243013,2.4540905671483766,2.4540905671483766,1.6998206128297102,2059.3071834224315,0.0,False
ES,RTH,B0,30min,E1_a_exp_L1-10,0.06806916769641218,1.2618109415958416,-0.43895535601142366,-0.455041668152897,1.21603330900214,65.73016485055868,-0.016086312141473325,True
ES,RTH,B0,30min,E1_a_exp_L1-5,0.06814177023870531,1.1451149551998014,-0.7610138959552538,-0.39970539710505143,1.2089087183226337,57.197437000371934,0.3613084988502024,False
ES,RTH,B0,30min,E1_d_model_L1-10,0.04383140488117327,1.069262738426102,-2.1844769417445224,-0.41436976090042277,1.1164517184203366,55.658134972114894,1.7701071808440996,True
ES,RTH,B0,30min,E1_d_model_L1-5,0.0069862444492207075,1.1121354671148675,,-0.40653325237131505,1.014070790883145,53.115589943758756,,False
ES,RTH,B0,30min,E2,0.16689098408560965,0.688170535469404,1.1683406002331311,-1.7920376594058602,1.482436622844541,5.318177215739382,-2.9603782596389916,True
ES,RTH,B0,30min,E4,0.10498058919873103,1.23370039618596,-0.6089996839964602,1.798400936782435,1.3417300268227201,190.67559843794285,2.407400620778895,False
ES,RTH,B0,30min,E4_asS05,0.1395017259976378,1.23370039618596,1.798400936782435,1.798400936782435,1.478160631810435,190.67559843794285,0.0,False
ES,RTH,B1,1day,E1_a_exp_L1-10,0.07460738107753595,0.09555791577872157,-0.2906875102281309,-0.8777069119265499,1.261212355054057,1.410833391479274,-0.587019401698419,True
ES,RTH,B1,1day,E1_a_exp_L1-5,0.07695045354954463,0.07908720374356445,-0.3156227614198179,-0.9260875589440957,1.2778076044728257,1.3099284788143146,-0.6104647975242778,True
ES,RTH,B1,1day,E1_d_model_L1-10,0.03352637211983267,0.11469390785871912,-1.6711769399568202,-6.233784014442992,1.1097742590114854,1.2886598658262203,-4.562607074486172,False
ES,RTH,B1,1day,E1_d_model_L1-5,0.07633235317216781,0.07282292176698667,-0.8166574197444809,-1.922495257022578,1.2666316787583767,1.2658776866698698,-1.105837837278097,False
ES,RTH,B1,1day,E2,0.09058857012237233,0.09058857012237233,-0.36546592985183746,-0.9256782996576144,1.34295068731105,1.34295068731105,-0.5602123698057769,True
ES,RTH,B1,1day,E4,0.134534051006742,2.5280185624937324,-0.7058426977011333,-0.3331239281153991,1.531163933210133,219.94501314344527,0.3727187695857342,False
ES,RTH,B1,1day,E4_asS05,0.18381151476150825,2.5280185624937324,-0.3331239281153991,-0.3331239281153991,1.8020540244049148,219.94501314344527,0.0,False
ES,RTH,B1,1h,E1_a_exp_L1-10,0.06883981182208913,1.867377031561586,-0.34052327172229907,-2.862175348078173,1.259634657379752,46.95570342853116,-2.521652076355874,False
ES,RTH,B1,1h,E1_a_exp_L1-5,0.07014333456227295,1.4805982636214916,-0.36211166259376304,-2.9399689091438526,1.270757189615577,28.286112037457688,-2.5778572465500895,False
ES,RTH,B1,1h,E1_d_model_L1-10,0.07279022684700999,1.8345580981979843,-0.7338739047407823,-3.6027849909469625,1.2761247782356995,43.449693255872454,-2.86891108620618,False
ES,RTH,B1,1h,E1_d_model_L1-5,0.07204708782436313,1.3589555211180093,-0.836212796424708,-3.909701327713703,1.2724451738697513,14.3641558262013,-3.073488531288995,False
ES,RTH,B1,1h,E2,0.06301429761124748,0.5465805053720347,-0.5024190406007196,-3.956582204257251,1.2123255346030426,3.6402703301185984,-3.4541631636565313,False
ES,RTH,B1,1h,E4,0.1101338873393209,1.666417028613,-0.6423270217870859,2.464866800893817,1.4605570783032467,2157.7606800981507,3.1071938226809026,False
ES,RTH,B1,1h,E4_asS05,0.17273201487797538,1.666417028613,2.464866800893817,2.464866800893817,1.70297867185201,2157.7606800981507,0.0,False
ES,RTH,B1,30min,E1_a_exp_L1-10,0.0685300527342047,1.2620667509695638,-0.4464946817209782,-0.4534018121879804,1.2175980875118217,66.67194000909616,-0.006907130467002198,True
ES,RTH,B1,30min,E1_a_exp_L1-5,0.06803116155231424,1.1451707886830986,-0.7555794532475834,-0.39996699055008217,1.2105217993538426,57.211633628657324,0.3556124626975012,False
ES,RTH,B1,30min,E1_d_model_L1-10,0.04422544502253816,1.0692331043798033,-2.663730658123659,-0.4153486700947291,1.1174617321527613,55.61091491353358,2.24838198802893,True
ES,RTH,B1,30min,E1_d_model_L1-5,0.005431282727418036,1.1127882705434138,,-0.393852068999616,1.0109218853018267,53.12789137616738,,False
ES,RTH,B1,30min,E2,0.16748025931093324,0.6934422195895755,1.170055404762997,-1.7894988371978178,1.4838598673660994,5.368337110592164,-2.9595542419608147,True
ES,RTH,B1,30min,E4,0.10519137747113809,1.2337080002226974,-0.6073786688328614,1.7997743046920391,1.3424861171407807,190.7429433570251,2.4071529735249007,False
ES,RTH,B1,30min,E4_asS05,0.13979042240772788,1.2337080002226974,1.7997743046920391,1.7997743046920391,1.4792917578154225,190.7429433570251,0.0,False
NQ,GLOBEX,B0,1day,E1_a_exp_L1-10,0.03702370512716002,0.030437267793857983,-0.2886589111378938,-0.41869345737316854,1.137301753239718,1.0933920373570742,-0.13003454623527472,True
NQ,GLOBEX,B0,1day,E1_a_exp_L1-5,0.03021253763458169,0.02750440284503736,-0.3239542593861698,-0.46454891037270624,1.1085119029344548,1.0880122488247572,-0.14059465098653645,True
NQ,GLOBEX,B0,1day,E1_d_model_L1-10,0.01730891540634081,0.02995717058867802,-1.2121399044222914,-1.605320853570022,1.048343393431545,1.0883450751792811,-0.3931809491477307,False
NQ,GLOBEX,B0,1day,E1_d_model_L1-5,0.031470627121661265,0.041706970735234036,-0.6853644320299721,-1.446265849144087,1.116768153389683,1.1494813144378264,-0.7609014171141149,False
NQ,GLOBEX,B0,1day,E2,0.05408632616150327,0.05408632616150327,-0.3215679901602372,-0.3365038784272295,1.2299717628539113,1.2299717628539113,-0.014935888266992325,True
NQ,GLOBEX,B0,1day,E4,0.13875097755036492,0.23351516429478744,-0.6027910603165793,-0.7877058779324109,1.4937582248088705,1.9453136116195602,-0.18491481761583162,True
NQ,GLOBEX,B0,1day,E4_asS05,0.152819348652791,0.23351516429478744,-0.7877058779324109,-0.7877058779324109,1.5474370602616918,1.9453136116195602,0.0,False
NQ,GLOBEX,B1,1day,E1_a_exp_L1-10,0.03952517299178796,0.030610815336892187,-0.28646345966409315,-0.41561982778908746,1.1420577567494579,1.1002650307851631,-0.12915636812499431,True
NQ,GLOBEX,B1,1day,E1_a_exp_L1-5,0.033794642030254854,0.029643773703644977,-0.3197893848762055,-0.462306553988945,1.1267719592234042,1.0816562557135123,-0.14251716911273948,True
NQ,GLOBEX,B1,1day,E1_d_model_L1-10,0.022917705460654438,0.028479961802845243,-1.2562738127947257,-1.6073268996586418,1.0553882073790384,1.080638809849606,-0.3510530868639161,False
NQ,GLOBEX,B1,1day,E1_d_model_L1-5,0.03497923586411729,0.04239095728068578,-0.7074335560327747,-1.3391788230235007,1.1351615546177232,1.1432852396102553,-0.631745266990726,False
NQ,GLOBEX,B1,1day,E2,0.076194127947507,0.07619412794750703,-0.29196617226943805,-0.317882414771154,1.3116152982171485,1.3116152982171485,-0.025916242501715925,True
NQ,GLOBEX,B1,1day,E4,0.13542601096304083,0.23299574983914834,-0.6045256796194861,-0.7868227825907941,1.4836507524797669,1.9246787321147745,-0.18229710297130797,True
NQ,GLOBEX,B1,1day,E4_asS05,0.15041821645455752,0.23299574983914834,-0.7868227825907941,-0.7868227825907941,1.5440887512688828,1.9246787321147745,0.0,False
NQ,RTH,B0,1day,E1_a_exp_L1-10,0.03923376365907838,0.024072745497008663,-0.33416797443079194,-0.4363112058388425,1.13177824246519,1.0813923075672962,-0.10214323140805054,True
NQ,RTH,B0,1day,E1_a_exp_L1-5,0.032454551445532935,0.027942084946682908,-0.37307115454590073,-0.4925697207237441,1.102483888336205,1.0931399677330034,-0.11949856617784338,True
NQ,RTH,B0,1day,E1_d_model_L1-10,0.020927643697978428,0.03063314811769062,-1.4087442509845964,-2.178500386689965,1.0646192669552492,1.093545312492046,-0.7697561357053686,False
NQ,RTH,B0,1day,E1_d_model_L1-5,0.021243747977308398,0.04534723278107081,-1.013909188158322,-1.3346690431662684,1.0723765598288333,1.1542403071639584,-0.32075985500794646,False
NQ,RTH,B0,1day,E2,0.1507786113716358,0.1507786113716358,-0.3724576774027832,-0.33310153301009815,1.5699494507466396,1.5699494507466396,0.03935614439268503,False
NQ,RTH,B0,1day,E4,0.13006193110538022,0.21263832010409628,-0.7076470944337411,-0.7920583679883544,1.4500373750351265,1.8112781449804587,-0.08441127355461331,True
NQ,RTH,B0,1day,E4_asS05,0.14571668862448514,0.21263832010409628,-0.7920583679883544,-0.7920583679883544,1.5215038881247183,1.8112781449804587,0.0,False
NQ,RTH,B0,1h,E1_a_exp_L1-10,0.024023234522956426,0.30792130624829006,-0.32739218390856056,-2.02081423999647,1.0938331658753095,2.2282159462704962,-1.6934220560879094,False
NQ,RTH,B0,1h,E1_a_exp_L1-5,0.028371914855387988,0.3221700908664188,-0.32211220233853544,-2.001889545562707,1.1041796819816883,2.293951346939245,-1.6797773432241714,False
NQ,RTH,B0,1h,E1_d_model_L1-10,0.029006881094017303,0.3899059059750775,-0.5471462684859985,-2.2831169571331618,1.1002687355824807,2.6415197295500383,-1.7359706886471633,False
NQ,RTH,B0,1h,E1_d_model_L1-5,0.03309876632953699,0.39534969966290545,-0.6010075298645251,-2.3558188267159674,1.1226339894977595,2.675411276518976,-1.7548112968514422,False
NQ,RTH,B0,1h,E2,0.07762941790914746,0.07762941790914746,-0.5308547532051413,-2.5534374847313224,1.306367789594816,1.306367789594816,-2.022582731526181,False
NQ,RTH,B0,1h,E4,0.08165103683221862,1.9389028577992273,-0.677683431134601,0.862653443861716,1.305584280018594,216.4115946772533,1.540336874996317,False
NQ,RTH,B0,1h,E4_asS05,0.1440264785656026,1.9389028577992273,0.862653443861716,0.862653443861716,1.5266473247781323,216.4115946772533,0.0,False
NQ,RTH,B0,30min,E1_a_exp_L1-10,0.028150735106654015,0.9848755838358233,-0.4051008559332277,-3.2964012050408744,1.0805776987040177,6.514603718889081,-2.8913003491076466,False
NQ,RTH,B0,30min,E1_a_exp_L1-5,0.029400787716664805,1.166096568973079,-0.7510168480798576,-3.7047468832559636,1.0861851565493033,9.092593380686713,-2.9537300351761058,False
NQ,RTH,B0,30min,E1_d_model_L1-10,0.024583668769487605,0.8237188754309613,-2.6802534268879254,-7.988830395644356,1.068893981259681,5.179344797719744,-5.30857696875643,False
NQ,RTH,B0,30min,E1_d_model_L1-5,0.007544368321476906,0.6504604145407613,,,1.015203436971217,4.721812587756899,,False
NQ,RTH,B0,30min,E2,0.02323982626275227,0.16103422075151416,-0.8566366967495203,-4.395487563254597,1.065071465994016,1.491761203273061,-3.5388508665050766,False
NQ,RTH,B0,30min,E4,0.07015093773504033,1.66232625121383,-0.659822989289926,2.32286132524757,1.21640787067258,336.25051003075305,2.982684314537496,False
NQ,RTH,B0,30min,E4_asS05,0.13370456871731898,1.66232625121383,2.32286132524757,2.32286132524757,1.4004680617166148,336.25051003075305,0.0,False
NQ,RTH,B1,1day,E1_a_exp_L1-10,0.03832770469401527,0.024373218507025153,-0.3326304668493659,-0.43890292653754903,1.1331451997607216,1.0795791290132166,-0.10627245968818311,True
NQ,RTH,B1,1day,E1_a_exp_L1-5,0.030763727081565728,0.025719684358296257,-0.3721985935757247,-0.48162198813154056,1.1024704880605414,1.0946818480988947,-0.10942339455581584,True
NQ,RTH,B1,1day,E1_d_model_L1-10,0.02223601699822321,0.01837610662267542,-1.3986334931142277,-2.040927248534431,1.0640424039245515,1.0470646255869167,-0.6422937554202035,False
NQ,RTH,B1,1day,E1_d_model_L1-5,0.02247337240800987,0.03248566696574063,-0.9770474678662513,-1.3014783589437762,1.0736111632455076,1.094812976911302,-0.3244308910775249,False
NQ,RTH,B1,1day,E2,0.056819926196168415,0.056819926196168415,-0.48624634537037836,-0.39990605742504814,1.1846788224687634,1.1846788224687634,0.08634028794533022,False
NQ,RTH,B1,1day,E4,0.130350610586087,0.2174298060724282,-0.7088633652698744,-0.7939893460044704,1.4521382995553838,1.8448554551712673,-0.08512598073459599,True
NQ,RTH,B1,1day,E4_asS05,0.14595503733495913,0.2174298060724282,-0.7939893460044704,-0.7939893460044704,1.5254131865990208,1.8448554551712673,0.0,False
NQ,RTH,B1,1h,E1_a_exp_L1-10,0.023902190527331137,0.29486390656690864,-0.3341558117283324,-2.0115229714897644,1.0932775875150673,2.162251226735037,-1.677367159761432,False
NQ,RTH,B1,1h,E1_a_exp_L1-5,0.0282182150409766,0.32426988334574863,-0.3301191405623186,-1.9916068137719836,1.1035468279211809,2.3015148520036406,-1.661487673209665,False
NQ,RTH,B1,1h,E1_d_model_L1-10,0.02648495600559169,0.4016375139009045,-0.5884506992218856,-2.2842470367158265,1.0975318609345135,2.6934847202172394,-1.6957963374939409,False
NQ,RTH,B1,1h,E1_d_model_L1-5,0.029581667460686568,0.4225147002291497,-0.6558033873600331,-2.350720880523778,1.09666373566102,2.8079222759830462,-1.6949174931637447,False
NQ,RTH,B1,1h,E2,0.08160179702508447,0.08160179702508447,-0.5304165557337076,-2.5350267526354,1.3233910535556725,1.3233910535556725,-2.0046101969016923,False
NQ,RTH,B1,1h,E4,0.08153659618760654,1.8937667047171578,-0.6776477198269586,0.8410349966065307,1.305172255997941,191.01057052229177,1.5186827164334893,False
NQ,RTH,B1,1h,E4_asS05,0.1442915565942823,1.8937667047171578,0.8410349966065307,0.8410349966065307,1.5274613003900215,191.01057052229177,0.0,False
NQ,RTH,B1,30min,E1_a_exp_L1-10,0.02800490167938698,0.9884073627815553,-0.4159875026239375,-3.2793802559869754,1.0804067066795793,6.6051464541856975,-2.863392753363038,False
NQ,RTH,B1,30min,E1_a_exp_L1-5,0.031059091454719946,1.1670851066060468,-0.7422368006467371,-3.765582894652563,1.0949019060562446,9.085913742605634,-3.023346094005826,False
NQ,RTH,B1,30min,E1_d_model_L1-10,0.025984515100360837,0.8231209495692433,-5.32625875979242,-8.441739266608488,1.0685959480478664,5.176796851849592,-3.115480506816068,False
NQ,RTH,B1,30min,E1_d_model_L1-5,0.007654589430193722,0.6574226260452776,,,1.0154272682649854,4.838097177615516,,False
NQ,RTH,B1,30min,E2,0.023219385574738294,0.16208854867968392,-0.8657977405912066,-4.40672608388588,1.0656051559309543,1.4943530280296027,-3.5409283432946737,False
NQ,RTH,B1,30min,E4,0.07005667795225236,1.6624868725268418,-0.6584655731883761,2.3293795472262357,1.2160853411355546,339.18798434859576,2.9878451204146117,False
NQ,RTH,B1,30min,E4_asS05,0.13398527029098675,1.6624868725268418,2.3293795472262357,2.3293795472262357,1.4013886462578746,339.18798434859576,0.0,False
