ny_min,sum,count,rate
0,0,3744,0.0
1,0,3723,0.0
2,0,3721,0.0
3,2,3690,0.0005420054200542005
4,0,3699,0.0
5,0,3717,0.0
6,0,3709,0.0
7,0,3704,0.0
8,0,3712,0.0
9,0,3709,0.0
10,0,3707,0.0
11,0,3708,0.0
12,0,3699,0.0
13,0,3693,0.0
14,0,3685,0.0
15,0,3683,0.0
16,0,3685,0.0
17,0,3670,0.0
18,1,3674,0.00027218290691344586
19,0,3682,0.0
20,0,3679,0.0
21,0,3682,0.0
22,0,3668,0.0
23,0,3678,0.0
24,0,3669,0.0
25,0,3686,0.0
26,0,3676,0.0
27,0,3680,0.0
28,0,3669,0.0
29,0,3695,0.0
30,0,3712,0.0
31,0,3681,0.0
32,0,3684,0.0
33,1,3682,0.00027159152634437803
34,0,3691,0.0
35,0,3703,0.0
36,0,3670,0.0
37,0,3686,0.0
38,0,3675,0.0
39,0,3672,0.0
40,0,3687,0.0
41,0,3677,0.0
42,0,3668,0.0
43,0,3673,0.0
44,0,3674,0.0
45,0,3704,0.0
46,0,3684,0.0
47,0,3682,0.0
48,0,3687,0.0
49,0,3682,0.0
50,0,3678,0.0
51,0,3666,0.0
52,0,3665,0.0
53,0,3680,0.0
54,0,3680,0.0
55,0,3678,0.0
56,0,3674,0.0
57,0,3673,0.0
58,2,3685,0.000542740841248304
59,1,3711,0.00026946914578280785
60,0,3745,0.0
61,0,3735,0.0
62,0,3717,0.0
63,0,3710,0.0
64,0,3709,0.0
65,0,3719,0.0
66,1,3713,0.00026932399676811203
67,0,3708,0.0
68,0,3707,0.0
69,0,3712,0.0
70,0,3723,0.0
71,0,3729,0.0
72,0,3704,0.0
73,1,3694,0.0002707092582566324
74,0,3714,0.0
75,0,3714,0.0
76,0,3715,0.0
77,0,3699,0.0
78,0,3717,0.0
79,2,3705,0.0005398110661268556
80,0,3713,0.0
81,0,3702,0.0
82,0,3712,0.0
83,0,3686,0.0
84,0,3709,0.0
85,0,3703,0.0
86,0,3689,0.0
87,0,3695,0.0
88,0,3725,0.0
89,0,3715,0.0
90,0,3733,0.0
91,0,3715,0.0
92,0,3706,0.0
93,0,3698,0.0
94,0,3696,0.0
95,0,3716,0.0
96,0,3705,0.0
97,0,3718,0.0
98,0,3695,0.0
99,0,3690,0.0
100,0,3716,0.0
101,0,3708,0.0
102,0,3688,0.0
103,0,3715,0.0
104,0,3695,0.0
105,0,3712,0.0
106,0,3690,0.0
107,0,3699,0.0
108,0,3716,0.0
109,0,3710,0.0
110,0,3734,0.0
111,0,3716,0.0
112,0,3711,0.0
113,0,3711,0.0
114,0,3710,0.0
115,0,3725,0.0
116,0,3712,0.0
117,0,3726,0.0
118,0,3744,0.0
119,0,3765,0.0
120,0,3768,0.0
121,2,3766,0.0005310674455655868
122,0,3764,0.0
123,0,3757,0.0
124,0,3757,0.0
125,0,3762,0.0
126,0,3763,0.0
127,0,3758,0.0
128,2,3763,0.0005314908317831517
129,0,3759,0.0
130,0,3760,0.0
131,0,3752,0.0
132,0,3755,0.0
133,0,3747,0.0
134,0,3757,0.0
135,0,3757,0.0
136,2,3748,0.0005336179295624333
137,1,3745,0.000267022696929239
138,0,3744,0.0
139,0,3751,0.0
140,0,3753,0.0
141,0,3745,0.0
142,0,3751,0.0
143,0,3749,0.0
144,0,3748,0.0
145,0,3750,0.0
146,0,3738,0.0
147,0,3740,0.0
148,0,3743,0.0
149,0,3743,0.0
150,0,3762,0.0
151,0,3756,0.0
152,0,3753,0.0
153,0,3756,0.0
154,0,3744,0.0
155,0,3748,0.0
156,0,3740,0.0
157,0,3746,0.0
158,1,3745,0.000267022696929239
159,0,3737,0.0
160,0,3752,0.0
161,0,3747,0.0
162,0,3742,0.0
163,0,3747,0.0
164,0,3754,0.0
165,0,3750,0.0
166,0,3746,0.0
167,2,3744,0.0005341880341880342
168,0,3749,0.0
169,0,3750,0.0
170,0,3754,0.0
171,0,3739,0.0
172,0,3752,0.0
173,0,3750,0.0
174,0,3762,0.0
175,2,3748,0.0005336179295624333
176,0,3747,0.0
177,1,3757,0.00026616981634282674
178,0,3757,0.0
179,2,3767,0.0005309264666843643
180,2,3768,0.0005307855626326964
181,1,3769,0.0002653223666755107
182,0,3766,0.0
183,0,3769,0.0
184,1,3770,0.0002652519893899204
185,0,3767,0.0
186,0,3767,0.0
187,1,3768,0.0002653927813163482
188,0,3768,0.0
189,0,3769,0.0
190,2,3768,0.0005307855626326964
191,2,3769,0.0005306447333510214
192,1,3768,0.0002653927813163482
193,2,3764,0.0005313496280552603
194,0,3764,0.0
195,0,3767,0.0
196,0,3766,0.0
197,2,3768,0.0005307855626326964
198,0,3767,0.0
199,0,3766,0.0
200,0,3766,0.0
201,1,3765,0.0002656042496679947
202,0,3768,0.0
203,0,3768,0.0
204,0,3768,0.0
205,0,3765,0.0
206,1,3767,0.0002654632333421821
207,0,3768,0.0
208,1,3766,0.0002655337227827934
209,1,3768,0.0002653927813163482
210,0,3768,0.0
211,0,3766,0.0
212,0,3765,0.0
213,0,3765,0.0
214,0,3764,0.0
215,0,3762,0.0
216,0,3761,0.0
217,0,3766,0.0
218,0,3763,0.0
219,0,3768,0.0
220,0,3763,0.0
221,0,3764,0.0
222,0,3765,0.0
223,0,3763,0.0
224,0,3765,0.0
225,0,3766,0.0
226,0,3766,0.0
227,0,3767,0.0
228,0,3764,0.0
229,0,3765,0.0
230,0,3764,0.0
231,0,3764,0.0
232,1,3765,0.0002656042496679947
233,0,3765,0.0
234,0,3767,0.0
235,0,3765,0.0
236,0,3763,0.0
237,2,3763,0.0005314908317831517
238,0,3764,0.0
239,0,3767,0.0
240,2,3770,0.0005305039787798408
241,0,3769,0.0
242,0,3766,0.0
243,1,3764,0.00026567481402763017
244,0,3765,0.0
245,0,3767,0.0
246,2,3767,0.0005309264666843643
247,2,3766,0.0005310674455655868
248,0,3763,0.0
249,0,3759,0.0
250,0,3766,0.0
251,0,3764,0.0
252,0,3765,0.0
253,0,3766,0.0
254,0,3764,0.0
255,0,3768,0.0
256,0,3767,0.0
257,0,3764,0.0
258,0,3767,0.0
259,0,3767,0.0
260,0,3766,0.0
261,0,3769,0.0
262,0,3764,0.0
263,1,3767,0.0002654632333421821
264,0,3766,0.0
265,0,3766,0.0
266,0,3768,0.0
267,0,3767,0.0
268,0,3763,0.0
269,0,3763,0.0
270,2,3767,0.0005309264666843643
271,1,3766,0.0002655337227827934
272,0,3764,0.0
273,0,3763,0.0
274,0,3763,0.0
275,0,3768,0.0
276,0,3763,0.0
277,0,3763,0.0
278,0,3763,0.0
279,2,3766,0.0005310674455655868
280,1,3765,0.0002656042496679947
281,0,3764,0.0
282,0,3763,0.0
283,0,3764,0.0
284,0,3756,0.0
285,0,3766,0.0
286,0,3767,0.0
287,0,3765,0.0
288,0,3763,0.0
289,0,3766,0.0
290,0,3766,0.0
291,0,3761,0.0
292,0,3763,0.0
293,0,3765,0.0
294,0,3762,0.0
295,2,3760,0.0005319148936170213
296,0,3762,0.0
297,0,3758,0.0
298,0,3759,0.0
299,0,3762,0.0
300,0,3767,0.0
301,1,3763,0.00026574541589157585
302,2,3767,0.0005309264666843643
303,2,3763,0.0005314908317831517
304,1,3764,0.00026567481402763017
305,0,3762,0.0
306,0,3760,0.0
307,0,3761,0.0
308,0,3764,0.0
309,0,3761,0.0
310,0,3757,0.0
311,2,3757,0.0005323396326856535
312,0,3762,0.0
313,0,3761,0.0
314,0,3762,0.0
315,0,3758,0.0
316,0,3761,0.0
317,0,3763,0.0
318,0,3761,0.0
319,0,3763,0.0
320,0,3763,0.0
321,0,3763,0.0
322,0,3765,0.0
323,0,3763,0.0
324,0,3758,0.0
325,0,3766,0.0
326,0,3762,0.0
327,0,3758,0.0
328,0,3752,0.0
329,0,3761,0.0
330,0,3766,0.0
331,0,3763,0.0
332,0,3763,0.0
333,0,3762,0.0
334,0,3759,0.0
335,0,3761,0.0
336,2,3759,0.0005320563979781857
337,0,3761,0.0
338,0,3760,0.0
339,0,3762,0.0
340,0,3760,0.0
341,0,3761,0.0
342,0,3761,0.0
343,0,3761,0.0
344,0,3762,0.0
345,0,3764,0.0
346,0,3761,0.0
347,2,3763,0.0005314908317831517
348,0,3762,0.0
349,0,3761,0.0
350,0,3762,0.0
351,0,3764,0.0
352,2,3766,0.0005310674455655868
353,2,3760,0.0005319148936170213
354,0,3763,0.0
355,0,3759,0.0
356,0,3760,0.0
357,0,3762,0.0
358,0,3761,0.0
359,0,3761,0.0
360,0,3766,0.0
361,0,3768,0.0
362,2,3766,0.0005310674455655868
363,0,3763,0.0
364,0,3758,0.0
365,0,3768,0.0
366,0,3764,0.0
367,0,3761,0.0
368,0,3762,0.0
369,0,3759,0.0
370,0,3766,0.0
371,0,3761,0.0
372,0,3762,0.0
373,0,3761,0.0
374,0,3762,0.0
375,0,3760,0.0
376,0,3761,0.0
377,0,3760,0.0
378,0,3762,0.0
379,0,3763,0.0
380,0,3765,0.0
381,0,3763,0.0
382,0,3762,0.0
383,0,3762,0.0
384,0,3758,0.0
385,0,3764,0.0
386,0,3764,0.0
387,0,3761,0.0
388,0,3762,0.0
389,0,3765,0.0
390,0,3759,0.0
391,0,3759,0.0
392,2,3761,0.0005317734645041213
393,0,3759,0.0
394,0,3756,0.0
395,0,3763,0.0
396,0,3760,0.0
397,0,3761,0.0
398,0,3761,0.0
399,0,3762,0.0
400,1,3758,0.00026609898882384245
401,0,3762,0.0
402,0,3760,0.0
403,0,3759,0.0
404,1,3758,0.00026609898882384245
405,2,3761,0.0005317734645041213
406,0,3763,0.0
407,0,3761,0.0
408,0,3761,0.0
409,0,3763,0.0
410,0,3763,0.0
411,0,3760,0.0
412,0,3762,0.0
413,0,3762,0.0
414,2,3759,0.0005320563979781857
415,1,3763,0.00026574541589157585
416,1,3762,0.0002658160552897395
417,1,3763,0.00026574541589157585
418,0,3766,0.0
419,0,3764,0.0
420,2,3768,0.0005307855626326964
421,0,3766,0.0
422,0,3767,0.0
423,0,3768,0.0
424,0,3764,0.0
425,0,3764,0.0
426,0,3763,0.0
427,0,3761,0.0
428,1,3762,0.0002658160552897395
429,1,3762,0.0002658160552897395
430,1,3765,0.0002656042496679947
431,1,3765,0.0002656042496679947
432,0,3765,0.0
433,0,3761,0.0
434,0,3762,0.0
435,0,3768,0.0
436,0,3767,0.0
437,0,3766,0.0
438,0,3766,0.0
439,0,3763,0.0
440,0,3764,0.0
441,0,3765,0.0
442,0,3765,0.0
443,0,3763,0.0
444,1,3766,0.0002655337227827934
445,0,3766,0.0
446,2,3763,0.0005314908317831517
447,0,3766,0.0
448,0,3763,0.0
449,2,3764,0.0005313496280552603
450,1,3766,0.0002655337227827934
451,0,3766,0.0
452,0,3767,0.0
453,0,3762,0.0
454,0,3766,0.0
455,0,3765,0.0
456,1,3763,0.00026574541589157585
457,1,3765,0.0002656042496679947
458,0,3763,0.0
459,1,3763,0.00026574541589157585
460,0,3762,0.0
461,0,3768,0.0
462,0,3767,0.0
463,2,3766,0.0005310674455655868
464,0,3767,0.0
465,2,3764,0.0005313496280552603
466,0,3762,0.0
467,0,3767,0.0
468,0,3763,0.0
469,0,3768,0.0
470,1,3766,0.0002655337227827934
471,0,3766,0.0
472,0,3767,0.0
473,0,3765,0.0
474,0,3763,0.0
475,0,3765,0.0
476,0,3762,0.0
477,0,3767,0.0
478,0,3767,0.0
479,0,3768,0.0
480,5,3768,0.001326963906581741
481,2,3767,0.0005309264666843643
482,1,3765,0.0002656042496679947
483,2,3766,0.0005310674455655868
484,2,3766,0.0005310674455655868
485,0,3767,0.0
486,0,3767,0.0
487,2,3766,0.0005310674455655868
488,0,3765,0.0
489,2,3768,0.0005307855626326964
490,0,3766,0.0
491,2,3765,0.0005312084993359894
492,0,3767,0.0
493,0,3767,0.0
494,0,3767,0.0
495,3,3768,0.0007961783439490446
496,1,3765,0.0002656042496679947
497,2,3767,0.0005309264666843643
498,1,3767,0.0002654632333421821
499,0,3765,0.0
500,2,3768,0.0005307855626326964
501,0,3767,0.0
502,0,3767,0.0
503,0,3768,0.0
504,0,3767,0.0
505,0,3767,0.0
506,0,3767,0.0
507,2,3766,0.0005310674455655868
508,1,3769,0.0002653223666755107
509,6,3767,0.0015927794000530925
510,107,3769,0.02838949323427965
511,8,3767,0.002123705866737457
512,14,3767,0.0037164852667905496
513,5,3767,0.0013273161667109105
514,2,3767,0.0005309264666843643
515,3,3766,0.0007966011683483802
516,0,3766,0.0
517,3,3767,0.0007963897000265463
518,1,3768,0.0002653927813163482
519,0,3769,0.0
520,1,3768,0.0002653927813163482
521,0,3766,0.0
522,0,3767,0.0
523,0,3767,0.0
524,0,3766,0.0
525,2,3768,0.0005307855626326964
526,0,3767,0.0
527,0,3767,0.0
528,0,3768,0.0
529,2,3765,0.0005312084993359894
530,2,3766,0.0005310674455655868
531,0,3766,0.0
532,0,3766,0.0
533,0,3769,0.0
534,0,3767,0.0
535,0,3768,0.0
536,1,3768,0.0002653927813163482
537,0,3766,0.0
538,0,3769,0.0
539,0,3768,0.0
540,2,3768,0.0005307855626326964
541,2,3766,0.0005310674455655868
542,0,3767,0.0
543,0,3767,0.0
544,0,3765,0.0
545,0,3766,0.0
546,0,3768,0.0
547,0,3768,0.0
548,0,3767,0.0
549,0,3766,0.0
550,0,3768,0.0
551,0,3767,0.0
552,0,3766,0.0
553,0,3766,0.0
554,0,3767,0.0
555,0,3769,0.0
556,0,3767,0.0
557,0,3767,0.0
558,0,3765,0.0
559,0,3767,0.0
560,0,3768,0.0
561,0,3766,0.0
562,0,3767,0.0
563,0,3765,0.0
564,1,3765,0.0002656042496679947
565,0,3763,0.0
566,0,3763,0.0
567,0,3763,0.0
568,5,3763,0.0013287270794578793
569,0,3763,0.0
570,29,3770,0.007692307692307693
571,21,3770,0.005570291777188329
572,9,3770,0.0023872679045092837
573,12,3769,0.003183868400106129
574,8,3770,0.002122015915119363
575,6,3770,0.0015915119363395225
576,10,3768,0.002653927813163482
577,5,3766,0.0013276686139139671
578,5,3766,0.0013276686139139671
579,5,3766,0.0013276686139139671
580,9,3766,0.002389803505045141
581,2,3766,0.0005310674455655868
582,7,3766,0.0018587360594795538
583,3,3766,0.0007966011683483802
584,4,3766,0.0010621348911311736
585,12,3766,0.003186404673393521
586,5,3766,0.0013276686139139671
587,3,3766,0.0007966011683483802
588,4,3766,0.0010621348911311736
589,4,3768,0.0010615711252653928
590,4,3770,0.0010610079575596816
591,5,3770,0.001326259946949602
592,3,3770,0.0007957559681697613
593,3,3770,0.0007957559681697613
594,2,3770,0.0005305039787798408
595,10,3770,0.002652519893899204
596,4,3770,0.0010610079575596816
597,4,3770,0.0010610079575596816
598,4,3770,0.0010610079575596816
599,2,3770,0.0005305039787798408
600,25,3770,0.006631299734748011
601,4,3770,0.0010610079575596816
602,5,3770,0.001326259946949602
603,7,3770,0.001856763925729443
604,4,3770,0.0010610079575596816
605,7,3770,0.001856763925729443
606,3,3770,0.0007957559681697613
607,2,3770,0.0005305039787798408
608,0,3770,0.0
609,8,3770,0.002122015915119363
610,3,3770,0.0007957559681697613
611,2,3770,0.0005305039787798408
612,7,3770,0.001856763925729443
613,5,3770,0.001326259946949602
614,2,3770,0.0005305039787798408
615,2,3770,0.0005305039787798408
616,7,3770,0.001856763925729443
617,0,3770,0.0
618,1,3770,0.0002652519893899204
619,2,3770,0.0005305039787798408
620,1,3770,0.0002652519893899204
621,2,3770,0.0005305039787798408
622,2,3770,0.0005305039787798408
623,0,3770,0.0
624,0,3770,0.0
625,4,3770,0.0010610079575596816
626,2,3770,0.0005305039787798408
627,5,3770,0.001326259946949602
628,0,3770,0.0
629,1,3770,0.0002652519893899204
630,2,3770,0.0005305039787798408
631,1,3770,0.0002652519893899204
632,0,3770,0.0
633,2,3770,0.0005305039787798408
634,0,3770,0.0
635,2,3770,0.0005305039787798408
636,1,3770,0.0002652519893899204
637,5,3770,0.001326259946949602
638,2,3770,0.0005305039787798408
639,2,3770,0.0005305039787798408
640,0,3770,0.0
641,0,3770,0.0
642,1,3770,0.0002652519893899204
643,2,3770,0.0005305039787798408
644,2,3770,0.0005305039787798408
645,1,3770,0.0002652519893899204
646,3,3770,0.0007957559681697613
647,2,3770,0.0005305039787798408
648,0,3770,0.0
649,0,3770,0.0
650,0,3770,0.0
651,2,3770,0.0005305039787798408
652,2,3770,0.0005305039787798408
653,2,3770,0.0005305039787798408
654,2,3770,0.0005305039787798408
655,1,3770,0.0002652519893899204
656,0,3770,0.0
657,1,3770,0.0002652519893899204
658,2,3770,0.0005305039787798408
659,5,3770,0.001326259946949602
660,3,3770,0.0007957559681697613
661,1,3770,0.0002652519893899204
662,2,3770,0.0005305039787798408
663,2,3770,0.0005305039787798408
664,1,3770,0.0002652519893899204
665,2,3770,0.0005305039787798408
666,2,3770,0.0005305039787798408
667,3,3770,0.0007957559681697613
668,2,3770,0.0005305039787798408
669,2,3770,0.0005305039787798408
670,1,3770,0.0002652519893899204
671,1,3770,0.0002652519893899204
672,2,3770,0.0005305039787798408
673,6,3770,0.0015915119363395225
674,2,3770,0.0005305039787798408
675,3,3770,0.0007957559681697613
676,0,3770,0.0
677,2,3770,0.0005305039787798408
678,0,3770,0.0
679,1,3770,0.0002652519893899204
680,2,3770,0.0005305039787798408
681,1,3770,0.0002652519893899204
682,0,3770,0.0
683,0,3770,0.0
684,2,3770,0.0005305039787798408
685,1,3770,0.0002652519893899204
686,0,3770,0.0
687,0,3770,0.0
688,1,3770,0.0002652519893899204
689,1,3770,0.0002652519893899204
690,1,3770,0.0002652519893899204
691,0,3770,0.0
692,2,3770,0.0005305039787798408
693,3,3770,0.0007957559681697613
694,2,3770,0.0005305039787798408
695,1,3770,0.0002652519893899204
696,2,3770,0.0005305039787798408
697,1,3770,0.0002652519893899204
698,2,3770,0.0005305039787798408
699,0,3770,0.0
700,0,3770,0.0
701,1,3770,0.0002652519893899204
702,0,3770,0.0
703,0,3770,0.0
704,0,3770,0.0
705,1,3770,0.0002652519893899204
706,0,3770,0.0
707,0,3770,0.0
708,0,3770,0.0
709,1,3770,0.0002652519893899204
710,0,3770,0.0
711,0,3770,0.0
712,1,3770,0.0002652519893899204
713,0,3770,0.0
714,0,3770,0.0
715,6,3770,0.0015915119363395225
716,0,3770,0.0
717,3,3770,0.0007957559681697613
718,0,3770,0.0
719,0,3770,0.0
720,3,3770,0.0007957559681697613
721,0,3770,0.0
722,2,3770,0.0005305039787798408
723,0,3770,0.0
724,0,3770,0.0
725,1,3770,0.0002652519893899204
726,0,3770,0.0
727,0,3770,0.0
728,2,3770,0.0005305039787798408
729,0,3770,0.0
730,3,3770,0.0007957559681697613
731,1,3770,0.0002652519893899204
732,0,3770,0.0
733,0,3770,0.0
734,2,3770,0.0005305039787798408
735,3,3770,0.0007957559681697613
736,0,3770,0.0
737,0,3770,0.0
738,3,3770,0.0007957559681697613
739,0,3770,0.0
740,0,3770,0.0
741,0,3770,0.0
742,0,3770,0.0
743,2,3770,0.0005305039787798408
744,0,3770,0.0
745,6,3770,0.0015915119363395225
746,0,3770,0.0
747,0,3770,0.0
748,0,3770,0.0
749,0,3770,0.0
750,1,3770,0.0002652519893899204
751,0,3770,0.0
752,0,3770,0.0
753,0,3770,0.0
754,0,3770,0.0
755,1,3770,0.0002652519893899204
756,1,3770,0.0002652519893899204
757,0,3770,0.0
758,2,3770,0.0005305039787798408
759,0,3770,0.0
760,0,3770,0.0
761,2,3770,0.0005305039787798408
762,2,3770,0.0005305039787798408
763,0,3770,0.0
764,2,3770,0.0005305039787798408
765,8,3770,0.002122015915119363
766,2,3770,0.0005305039787798408
767,2,3770,0.0005305039787798408
768,0,3770,0.0
769,0,3770,0.0
770,0,3770,0.0
771,3,3770,0.0007957559681697613
772,1,3770,0.0002652519893899204
773,2,3770,0.0005305039787798408
774,0,3770,0.0
775,0,3770,0.0
776,2,3770,0.0005305039787798408
777,2,3770,0.0005305039787798408
778,1,3768,0.0002653927813163482
779,0,3768,0.0
780,0,3768,0.0
781,5,3768,0.001326963906581741
782,1,3768,0.0002653927813163482
783,3,3768,0.0007961783439490446
784,0,3768,0.0
785,4,3768,0.0010615711252653928
786,2,3768,0.0005307855626326964
787,3,3768,0.0007961783439490446
788,0,3768,0.0
789,1,3768,0.0002653927813163482
790,1,3768,0.0002653927813163482
791,2,3770,0.0005305039787798408
792,3,3770,0.0007957559681697613
793,2,3770,0.0005305039787798408
794,2,3770,0.0005305039787798408
795,3,3770,0.0007957559681697613
796,5,3770,0.001326259946949602
797,2,3770,0.0005305039787798408
798,0,3770,0.0
799,0,3770,0.0
800,1,3770,0.0002652519893899204
801,0,3770,0.0
802,0,3770,0.0
803,0,3770,0.0
804,1,3770,0.0002652519893899204
805,2,3770,0.0005305039787798408
806,6,3770,0.0015915119363395225
807,4,3770,0.0010610079575596816
808,3,3770,0.0007957559681697613
809,2,3770,0.0005305039787798408
810,5,3770,0.001326259946949602
811,0,3770,0.0
812,3,3770,0.0007957559681697613
813,0,3770,0.0
814,1,3770,0.0002652519893899204
815,0,3770,0.0
816,2,3770,0.0005305039787798408
817,0,3770,0.0
818,2,3770,0.0005305039787798408
819,1,3770,0.0002652519893899204
820,0,3770,0.0
821,2,3770,0.0005305039787798408
822,0,3770,0.0
823,3,3770,0.0007957559681697613
824,0,3770,0.0
825,0,3770,0.0
826,0,3770,0.0
827,2,3770,0.0005305039787798408
828,1,3770,0.0002652519893899204
829,0,3770,0.0
830,0,3770,0.0
831,0,3770,0.0
832,2,3770,0.0005305039787798408
833,1,3770,0.0002652519893899204
834,0,3770,0.0
835,1,3770,0.0002652519893899204
836,0,3770,0.0
837,0,3770,0.0
838,2,3770,0.0005305039787798408
839,2,3770,0.0005305039787798408
840,33,3770,0.008753315649867375
841,13,3770,0.0034482758620689655
842,6,3770,0.0015915119363395225
843,5,3770,0.001326259946949602
844,4,3770,0.0010610079575596816
845,4,3770,0.0010610079575596816
846,3,3770,0.0007957559681697613
847,6,3770,0.0015915119363395225
848,1,3770,0.0002652519893899204
849,1,3770,0.0002652519893899204
850,3,3770,0.0007957559681697613
851,2,3770,0.0005305039787798408
852,5,3770,0.001326259946949602
853,0,3770,0.0
854,1,3770,0.0002652519893899204
855,2,3770,0.0005305039787798408
856,0,3770,0.0
857,0,3770,0.0
858,0,3770,0.0
859,0,3770,0.0
860,0,3770,0.0
861,0,3770,0.0
862,0,3770,0.0
863,2,3770,0.0005305039787798408
864,2,3770,0.0005305039787798408
865,2,3770,0.0005305039787798408
866,1,3770,0.0002652519893899204
867,3,3770,0.0007957559681697613
868,2,3770,0.0005305039787798408
869,1,3770,0.0002652519893899204
870,2,3770,0.0005305039787798408
871,3,3770,0.0007957559681697613
872,1,3770,0.0002652519893899204
873,0,3770,0.0
874,2,3770,0.0005305039787798408
875,5,3770,0.001326259946949602
876,2,3770,0.0005305039787798408
877,5,3770,0.001326259946949602
878,6,3770,0.0015915119363395225
879,3,3770,0.0007957559681697613
880,3,3770,0.0007957559681697613
881,2,3770,0.0005305039787798408
882,1,3770,0.0002652519893899204
883,6,3770,0.0015915119363395225
884,3,3770,0.0007957559681697613
885,4,3770,0.0010610079575596816
886,3,3770,0.0007957559681697613
887,3,3770,0.0007957559681697613
888,3,3770,0.0007957559681697613
889,2,3770,0.0005305039787798408
890,2,3770,0.0005305039787798408
891,2,3770,0.0005305039787798408
892,2,3770,0.0005305039787798408
893,4,3770,0.0010610079575596816
894,2,3770,0.0005305039787798408
895,0,3770,0.0
896,0,3770,0.0
897,2,3770,0.0005305039787798408
898,0,3770,0.0
899,0,3770,0.0
900,3,3770,0.0007957559681697613
901,2,3770,0.0005305039787798408
902,2,3770,0.0005305039787798408
903,2,3770,0.0005305039787798408
904,3,3770,0.0007957559681697613
905,1,3770,0.0002652519893899204
906,1,3770,0.0002652519893899204
907,0,3770,0.0
908,3,3770,0.0007957559681697613
909,2,3770,0.0005305039787798408
910,6,3770,0.0015915119363395225
911,2,3770,0.0005305039787798408
912,6,3770,0.0015915119363395225
913,2,3770,0.0005305039787798408
914,1,3770,0.0002652519893899204
915,0,3770,0.0
916,0,3770,0.0
917,2,3770,0.0005305039787798408
918,2,3770,0.0005305039787798408
919,0,3770,0.0
920,3,3770,0.0007957559681697613
921,1,3770,0.0002652519893899204
922,1,3770,0.0002652519893899204
923,1,3770,0.0002652519893899204
924,1,3770,0.0002652519893899204
925,1,3770,0.0002652519893899204
926,1,3770,0.0002652519893899204
927,1,3770,0.0002652519893899204
928,1,3770,0.0002652519893899204
929,0,3770,0.0
930,0,3770,0.0
931,2,3770,0.0005305039787798408
932,3,3770,0.0007957559681697613
933,2,3770,0.0005305039787798408
934,1,3770,0.0002652519893899204
935,0,3770,0.0
936,4,3770,0.0010610079575596816
937,0,3770,0.0
938,0,3770,0.0
939,2,3770,0.0005305039787798408
940,2,3770,0.0005305039787798408
941,0,3770,0.0
942,1,3770,0.0002652519893899204
943,2,3770,0.0005305039787798408
944,5,3770,0.001326259946949602
945,7,3770,0.001856763925729443
946,0,3770,0.0
947,0,3770,0.0
948,3,3770,0.0007957559681697613
949,2,3770,0.0005305039787798408
950,36,3770,0.009549071618037135
951,2,3770,0.0005305039787798408
952,3,3770,0.0007957559681697613
953,3,3770,0.0007957559681697613
954,12,3770,0.003183023872679045
955,3,3770,0.0007957559681697613
956,4,3770,0.0010610079575596816
957,2,3770,0.0005305039787798408
958,1,3770,0.0002652519893899204
959,21,3770,0.005570291777188329
960,9,3770,0.0023872679045092837
961,22,3770,0.005835543766578249
962,11,3770,0.0029177718832891246
963,7,3770,0.001856763925729443
964,6,3770,0.0015915119363395225
965,8,3770,0.002122015915119363
966,4,3770,0.0010610079575596816
967,3,3770,0.0007957559681697613
968,1,3770,0.0002652519893899204
969,0,3770,0.0
970,2,3770,0.0005305039787798408
971,1,3770,0.0002652519893899204
972,2,3770,0.0005305039787798408
973,1,3770,0.0002652519893899204
974,1,3770,0.0002652519893899204
975,0,1321,0.0
976,0,1192,0.0
977,1,1192,0.0008389261744966443
978,0,1192,0.0
979,0,1192,0.0
980,4,1192,0.003355704697986577
981,0,1192,0.0
982,0,1192,0.0
983,0,1192,0.0
984,0,1192,0.0
985,0,1192,0.0
986,0,1192,0.0
987,0,1192,0.0
988,0,1192,0.0
989,0,1199,0.0
990,23,3770,0.00610079575596817
991,0,3769,0.0
992,0,3770,0.0
993,2,3769,0.0005306447333510214
994,5,3766,0.0013276686139139671
995,0,3767,0.0
996,0,3767,0.0
997,0,3761,0.0
998,0,3767,0.0
999,0,3764,0.0
1000,0,3763,0.0
1001,0,3764,0.0
1002,0,3763,0.0
1003,0,3764,0.0
1004,0,3767,0.0
1005,0,3767,0.0
1006,0,3758,0.0
1007,0,3763,0.0
1008,0,3758,0.0
1009,0,3755,0.0
1010,0,3770,0.0
1011,0,3764,0.0
1012,0,3759,0.0
1013,0,3760,0.0
1014,0,3758,0.0
1015,0,3767,0.0
1016,0,3768,0.0
1017,0,3758,0.0
1018,0,3766,0.0
1019,2,3770,0.0005305039787798408
1020,0,99,0.0
1079,0,4,0.0
1080,0,2,0.0
1081,7,3767,0.0018582426333952748
1082,7,3765,0.0018592297476759628
1083,5,3765,0.0013280212483399733
1084,2,3763,0.0005314908317831517
1085,0,3759,0.0
1086,0,3760,0.0
1087,2,3756,0.0005324813631522897
1088,0,3753,0.0
1089,2,3749,0.0005334755934915977
1090,0,3749,0.0
1091,1,3739,0.0002674511901577962
1092,2,3733,0.0005357621216180017
1093,0,3745,0.0
1094,0,3729,0.0
1095,0,3721,0.0
1096,2,3713,0.0005386479935362241
1097,1,3733,0.0002678810608090008
1098,0,3718,0.0
1099,0,3723,0.0
1100,2,3717,0.0005380683346785041
1101,0,3717,0.0
1102,0,3706,0.0
1103,0,3711,0.0
1104,0,3696,0.0
1105,2,3691,0.000541858574911948
1106,0,3679,0.0
1107,0,3685,0.0
1108,0,3695,0.0
1109,0,3703,0.0
1110,0,3729,0.0
1111,0,3719,0.0
1112,0,3719,0.0
1113,0,3720,0.0
1114,4,3720,0.001075268817204301
1115,0,3718,0.0
1116,1,3698,0.00027041644131963225
1117,1,3696,0.00027056277056277056
1118,0,3704,0.0
1119,0,3701,0.0
1120,0,3702,0.0
1121,0,3694,0.0
1122,0,3701,0.0
1123,0,3704,0.0
1124,0,3692,0.0
1125,0,3693,0.0
1126,0,3714,0.0
1127,0,3688,0.0
1128,0,3692,0.0
1129,2,3689,0.0005421523448088912
1130,0,3703,0.0
1131,1,3685,0.000271370420624152
1132,0,3693,0.0
1133,0,3689,0.0
1134,0,3686,0.0
1135,0,3693,0.0
1136,0,3697,0.0
1137,0,3690,0.0
1138,2,3678,0.000543773790103317
1139,1,3701,0.0002701972439881113
1140,0,3746,0.0
1141,2,3719,0.0005377789728421619
1142,0,3716,0.0
1143,1,3705,0.0002699055330634278
1144,0,3701,0.0
1145,0,3703,0.0
1146,2,3699,0.0005406866720735334
1147,0,3694,0.0
1148,0,3705,0.0
1149,2,3690,0.0005420054200542005
1150,0,3708,0.0
1151,0,3693,0.0
1152,2,3694,0.0005414185165132648
1153,0,3696,0.0
1154,0,3696,0.0
1155,0,3700,0.0
1156,1,3698,0.00027041644131963225
1157,2,3684,0.0005428881650380022
1158,0,3695,0.0
1159,0,3704,0.0
1160,0,3710,0.0
1161,0,3700,0.0
1162,0,3704,0.0
1163,0,3688,0.0
1164,0,3689,0.0
1165,0,3708,0.0
1166,0,3687,0.0
1167,0,3693,0.0
1168,0,3685,0.0
1169,0,3693,0.0
1170,2,3722,0.0005373455131649651
1171,0,3702,0.0
1172,0,3688,0.0
1173,0,3692,0.0
1174,0,3689,0.0
1175,0,3711,0.0
1176,0,3709,0.0
1177,0,3696,0.0
1178,1,3693,0.00027078256160303275
1179,2,3714,0.0005385029617662897
1180,2,3699,0.0005406866720735334
1181,0,3686,0.0
1182,0,3700,0.0
1183,0,3699,0.0
1184,0,3710,0.0
1185,0,3733,0.0
1186,2,3715,0.0005383580080753701
1187,0,3711,0.0
1188,2,3720,0.0005376344086021505
1189,0,3712,0.0
1190,0,3748,0.0
1191,0,3729,0.0
1192,0,3723,0.0
1193,0,3717,0.0
1194,0,3718,0.0
1195,0,3727,0.0
1196,0,3728,0.0
1197,0,3731,0.0
1198,0,3725,0.0
1199,2,3753,0.0005329070077271516
1200,0,3768,0.0
1201,2,3767,0.0005309264666843643
1202,1,3761,0.00026588673225206064
1203,0,3753,0.0
1204,0,3755,0.0
1205,1,3763,0.00026574541589157585
1206,0,3759,0.0
1207,0,3739,0.0
1208,0,3752,0.0
1209,0,3747,0.0
1210,0,3756,0.0
1211,0,3752,0.0
1212,0,3755,0.0
1213,2,3748,0.0005336179295624333
1214,0,3751,0.0
1215,2,3762,0.000531632110579479
1216,1,3756,0.00026624068157614486
1217,0,3745,0.0
1218,1,3749,0.00026673779674579886
1219,0,3758,0.0
1220,0,3758,0.0
1221,0,3751,0.0
1222,0,3744,0.0
1223,1,3747,0.0002668801708033093
1224,0,3746,0.0
1225,0,3754,0.0
1226,0,3737,0.0
1227,0,3747,0.0
1228,0,3743,0.0
1229,1,3743,0.0002671653753673524
1230,0,3755,0.0
1231,0,3749,0.0
1232,0,3755,0.0
1233,0,3745,0.0
1234,0,3742,0.0
1235,0,3748,0.0
1236,0,3737,0.0
1237,2,3750,0.0005333333333333334
1238,0,3742,0.0
1239,0,3741,0.0
1240,0,3750,0.0
1241,0,3737,0.0
1242,0,3746,0.0
1243,0,3741,0.0
1244,0,3745,0.0
1245,0,3751,0.0
1246,3,3754,0.0007991475759190197
1247,2,3742,0.0005344735435595938
1248,2,3743,0.0005343307507347048
1249,1,3737,0.0002675943270002676
1250,0,3749,0.0
1251,0,3743,0.0
1252,0,3739,0.0
1253,0,3738,0.0
1254,0,3749,0.0
1255,0,3752,0.0
1256,2,3738,0.0005350454788657035
1257,0,3734,0.0
1258,0,3736,0.0
1259,0,3739,0.0
1260,1,3750,0.0002666666666666667
1261,2,3746,0.0005339028296849973
1262,1,3753,0.0002664535038635758
1263,2,3741,0.0005346164127238706
1264,4,3751,0.0010663822980538523
1265,6,3751,0.0015995734470807784
1266,5,3748,0.0013340448239060833
1267,1,3737,0.0002675943270002676
1268,3,3732,0.0008038585209003215
1269,2,3746,0.0005339028296849973
1270,0,3743,0.0
1271,0,3736,0.0
1272,2,3743,0.0005343307507347048
1273,0,3736,0.0
1274,0,3743,0.0
1275,4,3758,0.0010643959552953698
1276,3,3758,0.0007982969664715274
1277,0,3756,0.0
1278,0,3750,0.0
1279,0,3753,0.0
1280,1,3755,0.0002663115845539281
1281,2,3750,0.0005333333333333334
1282,0,3742,0.0
1283,2,3743,0.0005343307507347048
1284,1,3748,0.00026680896478121667
1285,0,3748,0.0
1286,4,3746,0.0010678056593699946
1287,0,3745,0.0
1288,0,3747,0.0
1289,0,3743,0.0
1290,1,3759,0.00026602819898909286
1291,1,3754,0.0002663825253063399
1292,0,3758,0.0
1293,0,3751,0.0
1294,1,3748,0.00026680896478121667
1295,0,3753,0.0
1296,0,3754,0.0
1297,0,3746,0.0
1298,0,3738,0.0
1299,0,3743,0.0
1300,4,3752,0.0010660980810234541
1301,0,3747,0.0
1302,0,3751,0.0
1303,0,3746,0.0
1304,0,3744,0.0
1305,0,3752,0.0
1306,0,3738,0.0
1307,0,3738,0.0
1308,0,3745,0.0
1309,0,3737,0.0
1310,0,3748,0.0
1311,1,3736,0.0002676659528907923
1312,0,3738,0.0
1313,1,3738,0.00026752273943285177
1314,0,3740,0.0
1315,0,3743,0.0
1316,0,3746,0.0
1317,0,3727,0.0
1318,0,3734,0.0
1319,2,3742,0.0005344735435595938
1320,1,3752,0.00026652452025586353
1321,0,3751,0.0
1322,0,3742,0.0
1323,0,3742,0.0
1324,0,3736,0.0
1325,0,3742,0.0
1326,0,3730,0.0
1327,2,3736,0.0005353319057815846
1328,0,3725,0.0
1329,1,3724,0.0002685284640171858
1330,1,3734,0.0002678093197643278
1331,0,3736,0.0
1332,0,3735,0.0
1333,0,3731,0.0
1334,1,3737,0.0002675943270002676
1335,0,3748,0.0
1336,0,3733,0.0
1337,0,3736,0.0
1338,0,3740,0.0
1339,0,3724,0.0
1340,0,3740,0.0
1341,0,3727,0.0
1342,0,3719,0.0
1343,0,3731,0.0
1344,1,3729,0.0002681684097613301
1345,1,3723,0.00026860059092130003
1346,0,3731,0.0
1347,0,3729,0.0
1348,0,3730,0.0
1349,0,3734,0.0
1350,0,3750,0.0
1351,0,3736,0.0
1352,0,3728,0.0
1353,0,3727,0.0
1354,0,3735,0.0
1355,1,3732,0.0002679528403001072
1356,2,3721,0.0005374899220639613
1357,1,3729,0.0002681684097613301
1358,2,3731,0.0005360493165371214
1359,0,3730,0.0
1360,1,3735,0.0002677376171352075
1361,0,3715,0.0
1362,2,3723,0.0005372011818426001
1363,4,3720,0.001075268817204301
1364,0,3725,0.0
1365,0,3730,0.0
1366,4,3711,0.0010778765831312314
1367,0,3721,0.0
1368,0,3716,0.0
1369,0,3713,0.0
1370,0,3723,0.0
1371,0,3721,0.0
1372,0,3726,0.0
1373,1,3716,0.00026910656620021526
1374,2,3715,0.0005383580080753701
1375,0,3719,0.0
1376,0,3711,0.0
1377,0,3708,0.0
1378,0,3699,0.0
1379,0,3725,0.0
1380,0,3746,0.0
1381,2,3732,0.0005359056806002144
1382,0,3703,0.0
1383,2,3712,0.0005387931034482759
1384,0,3719,0.0
1385,2,3720,0.0005376344086021505
1386,0,3716,0.0
1387,0,3709,0.0
1388,0,3715,0.0
1389,0,3703,0.0
1390,0,3713,0.0
1391,0,3712,0.0
1392,0,3708,0.0
1393,0,3703,0.0
1394,0,3698,0.0
1395,0,3714,0.0
1396,2,3710,0.0005390835579514825
1397,0,3695,0.0
1398,0,3690,0.0
1399,0,3702,0.0
1400,0,3720,0.0
1401,0,3705,0.0
1402,1,3700,0.0002702702702702703
1403,0,3702,0.0
1404,0,3691,0.0
1405,0,3705,0.0
1406,0,3698,0.0
1407,2,3695,0.0005412719891745603
1408,0,3700,0.0
1409,0,3714,0.0
1410,3,3749,0.0008002133902373967
1411,0,3721,0.0
1412,1,3722,0.00026867275658248256
1413,0,3708,0.0
1414,0,3713,0.0
1415,0,3723,0.0
1416,0,3716,0.0
1417,0,3707,0.0
1418,0,3689,0.0
1419,0,3709,0.0
1420,0,3714,0.0
1421,0,3705,0.0
1422,0,3694,0.0
1423,0,3696,0.0
1424,0,3695,0.0
1425,0,3713,0.0
1426,2,3703,0.0005401026194977045
1427,0,3698,0.0
1428,2,3699,0.0005406866720735334
1429,0,3690,0.0
1430,0,3712,0.0
1431,1,3689,0.0002710761724044456
1432,0,3697,0.0
1433,2,3708,0.0005393743257820927
1434,0,3702,0.0
1435,0,3697,0.0
1436,0,3686,0.0
1437,2,3683,0.0005430355688297583
1438,2,3700,0.0005405405405405405
1439,0,3716,0.0
