geom,df,nu,subarm,seed_index,seed,n_grid,b,c,A,rmse,cond,b_trigamma_analytic
GLOBEX,gaussian,,signal,0,522955353,10,-1.1920362821071537,0.9980265696828976,3.445884910860736,0.010650914115735599,105.99117168608593,-1.13767466962387
GLOBEX,gaussian,,signal,1,3113015327,10,-1.1982595305437993,0.995059725018355,3.671052694339956,0.005171829259542342,107.91387789543835,-1.13767466962387
GLOBEX,gaussian,,signal,2,3434727789,10,-1.3096097765487318,1.0597543866275576,4.113450728404732,0.013309453271187982,138.15596839796467,-1.13767466962387
GLOBEX,gaussian,,signal,3,735262974,10,-1.0844012699260583,1.0511101201561714,2.9284405766144945,0.0051519263619863725,83.22501965701491,-1.13767466962387
GLOBEX,gaussian,,signal,4,2631514551,10,-1.2611996256853766,1.0084148747220028,3.221574841407215,0.008788976149810014,122.90329522406326,-1.13767466962387
GLOBEX,gaussian,,reference,0,4191216178,10,-1.1189248521068502,0.001456622091100502,2.968634438890993,0.0016827815170258088,89.69896050346661,-1.13767466962387
GLOBEX,gaussian,,reference,1,4267328348,10,-1.0834368095538356,0.001442525119088859,2.771171198821613,0.005025693914978089,82.7578913470194,-1.13767466962387
GLOBEX,gaussian,,reference,2,235882045,10,-1.1261900427563019,0.0026924888736816694,2.9488913817326887,0.004396309773537354,91.0829260956744,-1.13767466962387
GLOBEX,gaussian,,reference,3,3411969627,10,-1.1622778565096061,0.0031335916049990177,3.115059766695053,0.005245059844837576,98.7869276001859,-1.13767466962387
GLOBEX,gaussian,,reference,4,3155490345,10,-1.0691311198255822,-0.0012815957436584336,2.888089856258166,0.005484498404755211,80.48231229324887,-1.13767466962387
GLOBEX,nu2.95,2.95,signal,0,241123157,10,-1.1130299251553453,1.1510287387720202,3.3777263103934296,0.009261476084264173,89.50284703407586,-1.13767466962387
GLOBEX,nu2.95,2.95,signal,1,3069765374,10,-1.029492119159781,1.1233126575595591,2.7378931517890877,0.016756498503204945,73.6970760266078,-1.13767466962387
GLOBEX,nu2.95,2.95,signal,2,1054885883,10,-1.4389936098010834,1.0673410656256987,4.9598242610453,0.01797016374906441,184.90764926196505,-1.13767466962387
GLOBEX,nu2.95,2.95,signal,3,839516851,10,-1.0367445262965214,1.1162844465353732,2.25197008886161,0.014612552363176807,74.16182287644305,-1.13767466962387
GLOBEX,nu2.95,2.95,signal,4,1578526945,10,-1.0918586393033214,1.10712404430985,2.646938642616806,0.0047703681698107216,84.097022276956,-1.13767466962387
GLOBEX,nu2.95,2.95,reference,0,1344392931,10,-1.0545530323202517,0.03949663143948683,2.4979745699893967,0.0027294304353602584,77.34571505048905,-1.13767466962387
GLOBEX,nu2.95,2.95,reference,1,3177063598,10,-1.1942837009706677,0.04723162640215556,3.4344045999280106,0.004839447423014622,106.48149378050795,-1.13767466962387
GLOBEX,nu2.95,2.95,reference,2,2616287570,10,-1.1569792926321818,0.05613473470273249,3.0866384213022147,0.005411835697437001,97.609590238039,-1.13767466962387
GLOBEX,nu2.95,2.95,reference,3,4119151320,10,-1.1569622995035946,0.0432154057512086,3.2032165210858863,0.004485711438862288,97.81856908710644,-1.13767466962387
GLOBEX,nu2.95,2.95,reference,4,4149058548,10,-1.1265653428435995,0.053255931273215505,2.837239508066407,0.007218986510812577,90.98190507463843,-1.13767466962387
GLOBEX,nu3,3.0,signal,0,3499465774,10,-1.212032094663424,1.0559918925194225,3.6596690812473236,0.005375807383582705,111.10528907223092,-1.13767466962387
GLOBEX,nu3,3.0,signal,1,2318296352,10,-1.2244772649580173,1.1044325077509296,3.390330694795744,0.004338922379536931,113.59684647782949,-1.13767466962387
GLOBEX,nu3,3.0,signal,2,3156315006,10,-1.216983927260985,1.0408977959299328,2.8527941996974686,0.010147581671133304,111.09394449673573,-1.13767466962387
GLOBEX,nu3,3.0,signal,3,2635235805,10,-1.1262302917791198,1.1123822242985084,3.054035298362546,0.013008009855395342,91.28142040775239,-1.13767466962387
GLOBEX,nu3,3.0,signal,4,2781231417,10,-1.3210563798887358,1.007483433046646,3.786762226096447,0.009493295818185227,141.0510347708794,-1.13767466962387
GLOBEX,nu3,3.0,reference,0,533861932,10,-1.1591864237316332,0.03759209716125813,3.13449378310232,0.003721564593205795,98.16124946197037,-1.13767466962387
GLOBEX,nu3,3.0,reference,1,3389570949,10,-1.1027916765081933,0.037264558545166304,2.9739714980089276,0.005100861064768976,86.65308087415681,-1.13767466962387
GLOBEX,nu3,3.0,reference,2,1787933805,10,-1.3012665450671272,0.044730432705442164,3.873203112291022,0.012037236898915926,135.21409741793792,-1.13767466962387
GLOBEX,nu3,3.0,reference,3,3648849665,10,-1.1373649316926218,0.03938998883130562,3.1345440187261038,0.004531280987848656,93.65025013528252,-1.13767466962387
GLOBEX,nu3,3.0,reference,4,2060405485,10,-1.1852683599113778,0.04547675530905409,3.3898915226714186,0.00999149097071827,104.34581238390405,-1.13767466962387
GLOBEX,nu3.67,3.67,signal,0,2096293690,10,-1.1001665026558018,1.0035712487171233,2.9458014698777064,0.00588557985280547,86.11215273408688,-1.13767466962387
GLOBEX,nu3.67,3.67,signal,1,882781479,10,-1.063659858523228,1.054882138675056,2.5978056296298804,0.010371356777391151,79.02677116801233,-1.13767466962387
GLOBEX,nu3.67,3.67,signal,2,935694812,10,-1.09443569356519,1.0025248023632738,3.08884849797649,0.01290406329922062,85.37029261452776,-1.13767466962387
GLOBEX,nu3.67,3.67,signal,3,927601778,10,-0.9662039638934641,1.0539558156321014,2.0076505520614623,0.018825685594045547,63.37688600460256,-1.13767466962387
GLOBEX,nu3.67,3.67,signal,4,1618333716,10,-1.2656163107157314,1.0621217460094425,3.4606533583874057,0.007832836993104443,124.41458279976638,-1.13767466962387
GLOBEX,nu3.67,3.67,reference,0,3020754091,10,-1.0740206306759672,0.0176817808618695,2.5889993639697066,0.00564943002287575,80.81468914351896,-1.13767466962387
GLOBEX,nu3.67,3.67,reference,1,3818894405,10,-1.0092064017183504,0.010709095304830524,2.2733027661980576,0.005078844104332959,69.82729352855512,-1.13767466962387
GLOBEX,nu3.67,3.67,reference,2,2296594218,10,-1.2656058191341946,0.018654775466822236,3.9089207006864153,0.009824953184046881,125.22615735659777,-1.13767466962387
GLOBEX,nu3.67,3.67,reference,3,203330690,10,-1.162311268543977,0.017265839963578958,3.0885086714502847,0.005123036173743899,98.7492351589331,-1.13767466962387
GLOBEX,nu3.67,3.67,reference,4,2306492961,10,-1.1177183372833135,0.025090263655766554,2.832157382947224,0.004862401046516963,89.23834203310217,-1.13767466962387
GLOBEX,nu4,4.0,signal,0,744577626,10,-1.0680789879121775,1.0418153059055837,2.6818241219111854,0.009404591552658643,79.91498801955626,-1.13767466962387
GLOBEX,nu4,4.0,signal,1,2875238330,10,-1.1878120937845762,0.9970814108860722,4.025804256896586,0.006076522332151011,106.51721137767038,-1.13767466962387
GLOBEX,nu4,4.0,signal,2,1221063552,10,-1.2030831823829493,1.0829502738106886,3.2588716096493577,0.009416318811283636,108.20709802256987,-1.13767466962387
GLOBEX,nu4,4.0,signal,3,3301078866,10,-1.0766859711840575,0.961240214405401,2.3911810277549717,0.013368797771232925,81.09244456729819,-1.13767466962387
GLOBEX,nu4,4.0,signal,4,1575510304,10,-1.0745484651719446,1.0510117509730508,2.69127112736444,0.010381205884862132,81.05498270780402,-1.13767466962387
GLOBEX,nu4,4.0,reference,0,3873109205,10,-1.2139973514043378,0.01471762411401245,3.4343041936037153,0.007467437351756213,111.11506493521662,-1.13767466962387
GLOBEX,nu4,4.0,reference,1,1839658677,10,-1.128371695726733,0.011453279767076578,2.870518743337291,0.0031702693379166993,91.38968280365641,-1.13767466962387
GLOBEX,nu4,4.0,reference,2,1379036418,10,-1.0900484811507305,0.009581111532943052,2.707480246435395,0.0030040296360530324,83.84937398897276,-1.13767466962387
GLOBEX,nu4,4.0,reference,3,2813303116,10,-1.1232855323701887,0.010501343370287611,2.829797795589898,0.0036973118586519703,90.32300758871654,-1.13767466962387
GLOBEX,nu4,4.0,reference,4,3558964626,10,-1.113130798222669,0.012035986924217472,2.7508223368362392,0.004385912998314598,88.23485322402036,-1.13767466962387
GLOBEX,nu6,6.0,signal,0,2781573951,10,-1.212405056932139,1.1019471653610968,3.2056663511222516,0.011710131948173916,110.35181201132328,-1.13767466962387
GLOBEX,nu6,6.0,signal,1,1657568292,10,-0.9846625525717506,1.0208065828634778,2.273594113846389,0.004873922376300411,66.20187563635292,-1.13767466962387
GLOBEX,nu6,6.0,signal,2,4173009574,10,-1.2821682546134894,1.091564767355703,3.7753980829874236,0.012644945980643836,129.5298010159536,-1.13767466962387
GLOBEX,nu6,6.0,signal,3,3823597149,10,-1.0776325002394318,1.1015687786729806,2.726836142085715,0.010989135649897551,81.65434706094294,-1.13767466962387
GLOBEX,nu6,6.0,signal,4,2123472242,10,-1.2772385130199169,0.9428136732130651,3.889249170156777,0.002850464016652427,128.36893623462973,-1.13767466962387
GLOBEX,nu6,6.0,reference,0,2621637972,10,-1.176751551600741,0.006554868764387486,3.2770522475863064,0.008391624066954255,102.22823558498408,-1.13767466962387
GLOBEX,nu6,6.0,reference,1,4005666826,10,-1.0896773727903946,0.0030771344628492546,2.697832190553941,0.0022054850728486083,83.76774713483559,-1.13767466962387
GLOBEX,nu6,6.0,reference,2,718148982,10,-1.1607155102102098,0.0052769175311221566,3.1674221368461484,0.004665013508948189,98.54610110099537,-1.13767466962387
GLOBEX,nu6,6.0,reference,3,3804543345,10,-1.0623699659355839,0.0023872977100516603,2.613450477079745,0.005953105471664539,78.8290271590004,-1.13767466962387
GLOBEX,nu6,6.0,reference,4,3673048719,10,-1.110679637512396,0.0029564192277573894,2.9245937630021976,0.0021182269971146373,88.04010416839706,-1.13767466962387
GLOBEX,nu10,10.0,signal,0,1336562198,10,-1.287451328470234,1.059315605808549,4.139997473709467,0.010376188986156092,131.76940897038543,-1.13767466962387
GLOBEX,nu10,10.0,signal,1,2238676896,10,-1.213719237517987,0.9646544423690933,3.132936648826645,0.002453095950027686,110.57026535410827,-1.13767466962387
GLOBEX,nu10,10.0,signal,2,2760308389,10,-1.1839971173117687,1.046891622810939,3.2438701531897074,0.005409924474863825,103.78259794431693,-1.13767466962387
GLOBEX,nu10,10.0,signal,3,1579734626,10,-1.0882526570577193,1.011802499989028,2.578510062979845,0.010664086366334117,83.35405895041968,-1.13767466962387
GLOBEX,nu10,10.0,signal,4,113576041,10,-1.14348301138441,1.0563173108847923,2.6057126795504955,0.014496072337724998,94.18265355435462,-1.13767466962387
GLOBEX,nu10,10.0,reference,0,175044604,10,-1.0722615250418852,0.001372611712267209,2.644901779623949,0.004232793793200968,80.58391495104114,-1.13767466962387
GLOBEX,nu10,10.0,reference,1,1196335365,10,-1.0591429938162236,0.0009213525243955503,2.483427963571782,0.005529593055813894,78.10671960711056,-1.13767466962387
GLOBEX,nu10,10.0,reference,2,2970608831,10,-1.1235555589340012,0.002647114303058124,3.0058993021243543,0.002864623493910013,90.66705600654632,-1.13767466962387
GLOBEX,nu10,10.0,reference,3,2123520676,10,-1.077074715552979,0.002331679412740872,2.4811414350078387,0.001546031171078682,81.23442050024786,-1.13767466962387
GLOBEX,nu10,10.0,reference,4,4249269149,10,-1.1175947075508499,0.002719955924578412,2.8986407221270154,0.0012693826334221428,89.32000215123897,-1.13767466962387
RTH,gaussian,,signal,0,1414399186,8,-1.1358006082329493,1.0674481536416833,2.8877776221021856,0.005778427588257913,91.89507708224853,-1.144373249661363
RTH,gaussian,,signal,1,2862891691,8,-1.2825805994129145,0.9883474478309283,4.207135850553674,0.008951795881082487,128.59357546585636,-1.144373249661363
RTH,gaussian,,signal,2,1648971164,8,-1.3365433807290068,1.0766475951064718,4.422543113853421,0.008025712345796559,144.37537143167117,-1.144373249661363
RTH,gaussian,,signal,3,311595206,8,-1.0417449783692319,1.0339175234732678,2.5870687115809896,0.003956661537243416,75.16432415126695,-1.144373249661363
RTH,gaussian,,signal,4,3433341767,8,-1.1270547344336637,1.0224195069035533,2.7975037810681336,0.006129524957232221,90.04531923843739,-1.144373249661363
RTH,gaussian,,reference,0,2745987970,8,-1.0814972376940013,0.0017848965214114294,2.6529716011027937,0.00231550657065783,81.66198474523287,-1.144373249661363
RTH,gaussian,,reference,1,820761511,8,-1.1144015676127579,0.001967736030267002,2.8892388449707616,0.0034348174870140052,87.94079693643253,-1.144373249661363
RTH,gaussian,,reference,2,3252044970,8,-1.1882919515545394,0.005220294585101916,3.3533331861926943,0.00492943850267873,103.65477588316331,-1.144373249661363
RTH,gaussian,,reference,3,1710503735,8,-1.1654950107511193,0.004800442006907107,3.0001887480711718,0.001995110222301798,98.00099179839076,-1.144373249661363
RTH,gaussian,,reference,4,489425811,8,-1.0435452226250763,-0.0009259019341058634,2.555981563812053,0.00866258366436963,75.36322338065021,-1.144373249661363
RTH,nu2.95,2.95,signal,0,2752852513,8,-1.2156323966608447,1.1302290962000945,3.523678635264664,0.0075998249374955055,110.13942722009769,-1.144373249661363
RTH,nu2.95,2.95,signal,1,877112899,8,-1.2093408515708006,1.1725433097511742,3.230473036594607,0.009601335095984405,107.94346867274812,-1.144373249661363
RTH,nu2.95,2.95,signal,2,911778694,8,-0.993429852941529,1.105522746704959,2.2479861679319613,0.0077002266307254225,67.45182873619743,-1.144373249661363
RTH,nu2.95,2.95,signal,3,3479316923,8,-1.033130450686932,1.13476537819991,2.454137459952077,0.006087219739832303,73.55831676254715,-1.144373249661363
RTH,nu2.95,2.95,signal,4,4024663592,8,-0.9907242253030807,1.1130322803979047,2.280803104242414,0.007401753734299372,67.14415765063856,-1.144373249661363
RTH,nu2.95,2.95,reference,0,1518444259,8,-1.241355530993597,0.10439788331315168,3.890489381097481,0.01728442327827038,117.24731327739411,-1.144373249661363
RTH,nu2.95,2.95,reference,1,992630097,8,-1.1123085338998742,0.10602897012861248,2.7315271837501456,0.005318754710412653,87.19515810942869,-1.144373249661363
RTH,nu2.95,2.95,reference,2,1780395167,8,-1.0928292634125472,0.0991181384858442,2.7877144338437825,0.0013663484120003868,83.90012695309136,-1.144373249661363
RTH,nu2.95,2.95,reference,3,2060574957,8,-1.1353653854843735,0.08364060870905442,3.197874300159797,0.007814560298399454,92.6486906792351,-1.144373249661363
RTH,nu2.95,2.95,reference,4,2673895515,8,-1.186410533086586,0.07608373014367908,3.265719904280702,0.0030365227978075672,103.01336005786877,-1.144373249661363
RTH,nu3,3.0,signal,0,3760201663,8,-1.2615652527361898,1.1338833112752855,3.820799779642832,0.008434807499459457,121.97322429427908,-1.144373249661363
RTH,nu3,3.0,signal,1,429701574,8,-1.0210952966234224,1.1521603786652022,2.3942062742064123,0.007730511919824743,71.6530233737524,-1.144373249661363
RTH,nu3,3.0,signal,2,1526039578,8,-1.07575155206187,1.1366790412326786,2.372223279768447,0.0040313200355476374,80.19318365373103,-1.144373249661363
RTH,nu3,3.0,signal,3,1675107140,8,-1.3117708623128883,1.127364534572916,3.90346008602815,0.008967142504742813,135.64491363918896,-1.144373249661363
RTH,nu3,3.0,signal,4,179571710,8,-1.1189616463777594,1.0845554307491712,3.1521291878094866,0.009338644744738387,89.50760349314088,-1.144373249661363
RTH,nu3,3.0,reference,0,292721137,8,-1.118581937035331,0.09460235087656337,2.8875688803197663,0.018394046363780316,88.6926202700041,-1.144373249661363
RTH,nu3,3.0,reference,1,1964277819,8,-1.1283266088612798,0.09004968075492378,2.909755340326374,0.006790715273938376,90.54078086204795,-1.144373249661363
RTH,nu3,3.0,reference,2,775035947,8,-1.1652974396190265,0.08337099031351118,2.940528272170223,0.003414462488253785,97.8289504143572,-1.144373249661363
RTH,nu3,3.0,reference,3,1153791166,8,-1.0652954954153053,0.07543935790106225,2.5088511868785615,0.004284977235341571,78.68823957880223,-1.144373249661363
RTH,nu3,3.0,reference,4,298569607,8,-1.108647549560625,0.09892152840183398,2.818077090559124,0.0034307489853893616,86.73515060699764,-1.144373249661363
RTH,nu3.67,3.67,signal,0,3792816804,8,-1.3770945326133917,1.0528642601509883,4.4741577413848965,0.0022730100710945866,157.24104450561592,-1.144373249661363
RTH,nu3.67,3.67,signal,1,3899105040,8,-1.2292274406277355,1.0064116914439665,3.33531039277043,0.0120008326242355,112.78238213047834,-1.144373249661363
RTH,nu3.67,3.67,signal,2,2779108315,8,-1.220863148932457,1.042164865540197,3.7147493649836587,0.002332128438245438,111.90903403178774,-1.144373249661363
RTH,nu3.67,3.67,signal,3,1688233461,8,-1.1469198795411166,1.0530693291748972,2.9618290774971925,0.012074015811660113,94.2086713075304,-1.144373249661363
RTH,nu3.67,3.67,signal,4,1520814901,8,-1.1788113627067376,1.0298290286326333,3.080759649708269,0.01356074599023293,100.94372851374277,-1.144373249661363
RTH,nu3.67,3.67,reference,0,2271594059,8,-1.1395124933133758,0.03561606188508032,2.980128236381979,0.0053133798456681544,92.82450241885188,-1.144373249661363
RTH,nu3.67,3.67,reference,1,341935111,8,-1.1880141219019769,0.035124231116957304,3.2590261161834557,0.004400117519271816,103.33682691264337,-1.144373249661363
RTH,nu3.67,3.67,reference,2,2313135987,8,-1.177654438702441,0.04386491231049389,3.2706421721885492,0.00409831464509635,101.18844221018493,-1.144373249661363
RTH,nu3.67,3.67,reference,3,4087089,8,-1.187560099586204,0.0388831591796767,3.1074409642920737,0.00382072442290829,102.86354223051922,-1.144373249661363
RTH,nu3.67,3.67,reference,4,2590931389,8,-1.1471695162033775,0.03341959739286652,3.110550856283627,0.007841410314363131,94.63797079628145,-1.144373249661363
RTH,nu4,4.0,signal,0,2777772710,8,-1.1721714904151075,1.050796306261571,3.133709491358196,0.012450136806516007,99.69099480344671,-1.144373249661363
RTH,nu4,4.0,signal,1,2219152195,8,-1.0987973448134298,1.1225752691713573,2.805068998938252,0.007397865619134707,84.97194698601571,-1.144373249661363
RTH,nu4,4.0,signal,2,3443109406,8,-1.2535572603336986,0.9733169847656582,3.911256366231954,0.011113126737637953,120.26390812063376,-1.144373249661363
RTH,nu4,4.0,signal,3,3731007168,8,-1.1083361858770748,1.03073676718471,2.877145010003013,0.011381187510992194,86.82713059364386,-1.144373249661363
RTH,nu4,4.0,signal,4,1042925527,8,-0.9640154150220821,1.0733192973232768,2.257849871002174,0.0035640589714633747,63.58467225039947,-1.144373249661363
RTH,nu4,4.0,reference,0,1734218797,8,-1.1345737218667136,0.02606467884110107,3.038447701454131,0.002820189613140825,92.04069496273071,-1.144373249661363
RTH,nu4,4.0,reference,1,602177309,8,-1.2183508380764767,0.027283497405822477,3.412604445572853,0.006185065513050387,110.4491366965204,-1.144373249661363
RTH,nu4,4.0,reference,2,3813652189,8,-1.1017600667100365,0.025422629979479684,2.8555470986241183,0.0059238593535767626,85.61546771269128,-1.144373249661363
RTH,nu4,4.0,reference,3,787091767,8,-1.1682940167493558,0.03114006974109625,3.093472553956743,0.006709438321647969,98.79447482885752,-1.144373249661363
RTH,nu4,4.0,reference,4,977332774,8,-1.1851663568664013,0.028903540297432192,3.32670798872757,0.014733595636928162,102.91753523665483,-1.144373249661363
RTH,nu6,6.0,signal,0,689237432,8,-1.1334324485725624,1.0720383645908662,3.035286972987327,0.007669410004642923,91.817996641796,-1.144373249661363
RTH,nu6,6.0,signal,1,3978279518,8,-1.2007576297839053,1.0755487988837067,3.5324422637256436,0.01024912585504284,106.8649016687342,-1.144373249661363
RTH,nu6,6.0,signal,2,1055950227,8,-1.1574682555782558,1.0770964346769263,3.2085484498272527,0.011205042569093559,96.92514619277736,-1.144373249661363
RTH,nu6,6.0,signal,3,2419235118,8,-1.078414200266782,1.0708489689754799,2.7868948019172635,0.013990719809647867,81.47757586620146,-1.144373249661363
RTH,nu6,6.0,signal,4,3340648954,8,-1.0334325683441634,1.0702768768648399,2.5945455694296364,0.01007938559144192,73.93631644531074,-1.144373249661363
RTH,nu6,6.0,reference,0,1598498757,8,-1.1008724020637686,0.008880654539257994,2.7460420548525875,0.00467853474839182,85.19284160752686,-1.144373249661363
RTH,nu6,6.0,reference,1,3568320724,8,-1.1146188006584155,0.009533867833266225,2.7691695205602502,0.000978608238620358,87.69471228068596,-1.144373249661363
RTH,nu6,6.0,reference,2,3101758517,8,-1.1450970270289673,0.00993507111007541,3.0226295003833696,0.006022697291519795,94.00479097571143,-1.144373249661363
RTH,nu6,6.0,reference,3,3984026720,8,-1.115525411215525,0.00873413659340646,2.915369828195461,0.0007503877732741534,88.2101863691875,-1.144373249661363
RTH,nu6,6.0,reference,4,2091817742,8,-1.1450657440693701,0.010738007923074888,3.1164737539872585,0.003150465475499847,94.2486133006698,-1.144373249661363
RTH,nu10,10.0,signal,0,630190941,8,-1.174387554510139,0.9950532179924456,3.3390638372945918,0.0077341415396066406,100.71046747611919,-1.144373249661363
RTH,nu10,10.0,signal,1,3378754975,8,-1.0889318460060122,1.072220160617006,2.5786195691826026,0.013449084645370807,82.769333581275,-1.144373249661363
RTH,nu10,10.0,signal,2,1328926280,8,-1.2166393965726283,1.061788468902263,3.3129644295568825,0.019016961549803466,109.80155620222297,-1.144373249661363
RTH,nu10,10.0,signal,3,3051983641,8,-1.0529460155385044,1.0098358430692853,2.3397220960520877,0.011876062061276269,76.41402431771157,-1.144373249661363
RTH,nu10,10.0,signal,4,4026658838,8,-1.244757781130562,0.9890690361160326,4.079849271333102,0.005439855914819353,118.70732167293038,-1.144373249661363
RTH,nu10,10.0,reference,0,2059131766,8,-1.1883034845463027,0.006306915001595466,3.3364285841058137,0.00584464063099671,103.60949510415482,-1.144373249661363
RTH,nu10,10.0,reference,1,3130540755,8,-1.1401294945668883,0.005476188387196046,2.977146481434589,0.0021448461691167715,92.93498426199545,-1.144373249661363
RTH,nu10,10.0,reference,2,2734450249,8,-1.1983253315578184,0.008761504380719855,3.3562649431628757,0.006384273967724296,105.82261768671776,-1.144373249661363
RTH,nu10,10.0,reference,3,2434794752,8,-1.1596968875717557,0.006781161260185047,3.1163425963399427,0.004313693213144543,97.11560239406022,-1.144373249661363
RTH,nu10,10.0,reference,4,2375233356,8,-1.0765008029964087,0.004576813607933995,2.602017587787753,0.0019106554442289451,80.71749586477036,-1.144373249661363
