root,geom,q,lag,S_naive,nugget,S_corrected,nugget_share
ES,GLOBEX,0.5,1,0.3431366613880009,0.43188649996019807,-0.08874983857219715,1.2586428340626754
ES,GLOBEX,0.5,2,0.4874856938564643,0.43188649996019807,0.05559919389626622,0.8859470245035809
ES,GLOBEX,0.5,3,0.5605327525200026,0.43188649996019807,0.1286462525598045,0.7704928891640213
ES,GLOBEX,0.5,4,0.6255429332968008,0.43188649996019807,0.1936564333366027,0.6904186379087129
ES,GLOBEX,0.5,5,0.6610659473904728,0.43188649996019807,0.22917944743027469,0.6533183287765011
ES,GLOBEX,0.5,6,0.7198883944858238,0.43188649996019807,0.2880018945256257,0.5999353556306052
ES,GLOBEX,0.5,7,0.8013326292764232,0.43188649996019807,0.36944612931622517,0.5389603320535908
ES,GLOBEX,0.5,8,0.8458367685763226,0.43188649996019807,0.41395026861612455,0.5106026552701551
ES,GLOBEX,0.5,9,0.878297955175555,0.43188649996019807,0.4464114552153569,0.49173119146551153
ES,GLOBEX,0.5,10,0.9135882301804359,0.43188649996019807,0.4817017302202378,0.4727364973549401
ES,GLOBEX,0.5,11,0.950426877077556,0.43188649996019807,0.518540377117358,0.4544131804102543
ES,GLOBEX,0.5,12,0.965908590373899,0.43188649996019807,0.534022090413701,0.4471297846031338
ES,GLOBEX,0.5,13,0.9978959909920524,0.43188649996019807,0.5660094910318543,0.43279710897609747
ES,GLOBEX,0.5,14,1.0098038957697586,0.43188649996019807,0.5779173958095605,0.42769343807193116
ES,GLOBEX,0.5,15,1.0048897036765805,0.43188649996019807,0.5730032037163824,0.4297849787693704
ES,GLOBEX,0.5,16,1.0330779891995787,0.43188649996019807,0.6011914892393806,0.4180579825292963
ES,GLOBEX,0.5,17,1.0749287957977731,0.43188649996019807,0.643042295837575,0.40178149627079957
ES,GLOBEX,0.5,18,1.1196446006376475,0.43188649996019807,0.6877581006774494,0.385735348265186
ES,GLOBEX,0.5,19,1.1291431530930065,0.43188649996019807,0.6972566531328084,0.38249047410609766
ES,GLOBEX,0.5,20,1.1607045343131348,0.43188649996019807,0.7288180343529367,0.37208995673974316
ES,GLOBEX,0.5,21,1.2551742857360435,0.43188649996019807,0.8232877857758454,0.34408488515755137
ES,GLOBEX,0.5,22,1.259272311767129,0.43188649996019807,0.8273858118069308,0.34296513623342867
ES,GLOBEX,0.5,23,1.2979303139285285,0.43188649996019807,0.8660438139683304,0.332750144846359
ES,GLOBEX,0.5,24,1.3532434685981742,0.43188649996019807,0.9213569686379761,0.31914914794127147
ES,GLOBEX,0.5,25,1.3204204825912758,0.43188649996019807,0.8885339826310776,0.32708255109208617
ES,GLOBEX,0.5,26,1.3443505982416746,0.43188649996019807,0.9124640982814765,0.3212603174537046
ES,GLOBEX,0.5,27,1.3100490861519016,0.43188649996019807,0.8781625861917035,0.3296719981911581
ES,GLOBEX,0.5,28,1.3281911937782964,0.43188649996019807,0.8963046938180983,0.3251689229557482
ES,GLOBEX,0.5,29,1.323518114027831,0.43188649996019807,0.8916316140676328,0.32631702987868316
ES,GLOBEX,0.5,30,1.3328352028291572,0.43188649996019807,0.9009487028689591,0.3240359341075697
ES,GLOBEX,0.5,31,1.3572190148484136,0.43188649996019807,0.9253325148882154,0.31821430088675484
ES,GLOBEX,0.5,32,1.3798651880307515,0.43188649996019807,0.9479786880705534,0.31299180797260107
ES,GLOBEX,0.5,33,1.3397114158828967,0.43188649996019807,0.9078249159226985,0.32237278479528086
ES,GLOBEX,0.5,34,1.352363919743728,0.43188649996019807,0.9204774197835299,0.31935671578848407
ES,GLOBEX,0.5,35,1.3744286968012895,0.43188649996019807,0.9425421968410914,0.31422983306833474
ES,GLOBEX,0.5,36,1.3633926189640397,0.43188649996019807,0.9315061190038416,0.3167733886430768
ES,GLOBEX,0.5,37,1.388297261898708,0.43188649996019807,0.9564107619385098,0.31109079576338533
ES,GLOBEX,0.5,38,1.4012017371424408,0.43188649996019807,0.9693152371822427,0.30822578113624916
ES,GLOBEX,0.5,39,1.409632732376951,0.43188649996019807,0.977746232416753,0.3063822867052345
ES,GLOBEX,0.5,40,1.3733356801723644,0.43188649996019807,0.9414491802121663,0.3144799237328436
ES,GLOBEX,1.0,1,0.36259637262715816,0.43188649996019807,-0.06929012733303991,1.1910943753546257
ES,GLOBEX,1.0,2,0.5077827389344424,0.43188649996019807,0.0758962389742443,0.8505340312797774
ES,GLOBEX,1.0,3,0.592606118609852,0.43188649996019807,0.16071961864965395,0.7287918338969003
ES,GLOBEX,1.0,4,0.6560459902684954,0.43188649996019807,0.22415949030829735,0.6583174142767687
ES,GLOBEX,1.0,5,0.6963845779276125,0.43188649996019807,0.2644980779674145,0.6201838950044807
ES,GLOBEX,1.0,6,0.7570219919872844,0.43188649996019807,0.3251354920270863,0.5705072039273761
ES,GLOBEX,1.0,7,0.82978852566732,0.43188649996019807,0.3979020257071219,0.5204777923542301
ES,GLOBEX,1.0,8,0.8773726095872599,0.43188649996019807,0.44548610962706187,0.49224980953459363
ES,GLOBEX,1.0,9,0.9040553938101686,0.43188649996019807,0.4721688938499706,0.4777212800423649
ES,GLOBEX,1.0,10,0.9541513117902907,0.43188649996019807,0.5222648118300925,0.4526394237721499
ES,GLOBEX,1.0,11,0.9927720482146045,0.43188649996019807,0.5608855482544064,0.43503088220191155
ES,GLOBEX,1.0,12,1.016031678963871,0.43188649996019807,0.5841451790036729,0.4250718839796682
ES,GLOBEX,1.0,13,1.0417028619044175,0.43188649996019807,0.6098163619442194,0.41459663379500844
ES,GLOBEX,1.0,14,1.0564392957876108,0.43188649996019807,0.6245527958274126,0.40881336171636085
ES,GLOBEX,1.0,15,1.0505250260152634,0.43188649996019807,0.6186385260550653,0.411114908512349
ES,GLOBEX,1.0,16,1.078221599345714,0.43188649996019807,0.6463350993855159,0.40055448733569726
ES,GLOBEX,1.0,17,1.115617384767798,0.43188649996019807,0.6837308848075998,0.38712779655194235
ES,GLOBEX,1.0,18,1.1572046030002003,0.43188649996019807,0.7253181030400022,0.37321533187863004
ES,GLOBEX,1.0,19,1.1858283452454235,0.43188649996019807,0.7539418452852253,0.36420659169756414
ES,GLOBEX,1.0,20,1.198781520464867,0.43188649996019807,0.766895020504669,0.36027123590687304
ES,GLOBEX,1.0,21,1.2808413718556333,0.43188649996019807,0.8489548718954352,0.33718968597531923
ES,GLOBEX,1.0,22,1.2899714305657854,0.43188649996019807,0.8580849306055873,0.33480315123783116
ES,GLOBEX,1.0,23,1.3311744399873549,0.43188649996019807,0.8992879400271567,0.3244401988099326
ES,GLOBEX,1.0,24,1.3696764589443997,0.43188649996019807,0.9377899589842016,0.3153200868276951
ES,GLOBEX,1.0,25,1.3531672175143614,0.43188649996019807,0.9212807175541633,0.3191671320219627
ES,GLOBEX,1.0,26,1.3703149517065747,0.43188649996019807,0.9384284517463766,0.3151731646964309
ES,GLOBEX,1.0,27,1.36065798790462,0.43188649996019807,0.9287714879444218,0.3174100352913025
ES,GLOBEX,1.0,28,1.3839709647044862,0.43188649996019807,0.9520844647442881,0.31206326648075094
ES,GLOBEX,1.0,29,1.3798705440609151,0.43188649996019807,0.947984044100717,0.31299059308068844
ES,GLOBEX,1.0,30,1.3797559437343299,0.43188649996019807,0.9478694437741317,0.31301658957981426
ES,GLOBEX,1.0,31,1.3837830276096341,0.43188649996019807,0.951896527649436,0.3121056490382345
ES,GLOBEX,1.0,32,1.4097056656643803,0.43188649996019807,0.9778191657041821,0.3063664355471355
ES,GLOBEX,1.0,33,1.3955947131870863,0.43188649996019807,0.9637082132268882,0.30946412728514083
ES,GLOBEX,1.0,34,1.4104703226731639,0.43188649996019807,0.9785838227129657,0.30620034538668944
ES,GLOBEX,1.0,35,1.4286660065169057,0.43188649996019807,0.9967795065567076,0.3023005362975909
ES,GLOBEX,1.0,36,1.4186848649631683,0.43188649996019807,0.9867983650029701,0.30442736835104717
ES,GLOBEX,1.0,37,1.4278987589112488,0.43188649996019807,0.9960122589510507,0.30246297033656994
ES,GLOBEX,1.0,38,1.44956559038226,0.43188649996019807,1.0176790904220618,0.29794201988908053
ES,GLOBEX,1.0,39,1.4724141712349679,0.43188649996019807,1.0405276712747697,0.2933186248798183
ES,GLOBEX,1.0,40,1.4435478237724095,0.43188649996019807,1.0116613238122114,0.299184060858859
ES,GLOBEX,2.0,1,0.40830334133667134,0.43188649996019807,-0.023583158623526723,1.057758916560227
ES,GLOBEX,2.0,2,0.5542249709222264,0.43188649996019807,0.12233847096202838,0.7792620733806742
ES,GLOBEX,2.0,3,0.6521024442473506,0.43188649996019807,0.22021594428715258,0.6622985449144829
ES,GLOBEX,2.0,4,0.7209248441705787,0.43188649996019807,0.2890383442103806,0.5990728485118055
ES,GLOBEX,2.0,5,0.7684480771588617,0.43188649996019807,0.3365615771986636,0.5620243095109131
ES,GLOBEX,2.0,6,0.8340107036771632,0.43188649996019807,0.40212420371696517,0.5178428742652885
ES,GLOBEX,2.0,7,0.9081556819368792,0.43188649996019807,0.47626918197668117,0.475564386757001
ES,GLOBEX,2.0,8,0.9523863719531298,0.43188649996019807,0.5204998719929317,0.4534782444172276
ES,GLOBEX,2.0,9,0.985623688822571,0.43188649996019807,0.553737188862373,0.4381859982242624
ES,GLOBEX,2.0,10,1.0490661284322271,0.43188649996019807,0.617179628472029,0.4116866308567499
ES,GLOBEX,2.0,11,1.0907160686945923,0.43188649996019807,0.6588295687343941,0.39596601934827563
ES,GLOBEX,2.0,12,1.1102103311629716,0.43188649996019807,0.6783238312027735,0.3890132237445374
ES,GLOBEX,2.0,13,1.13770116340034,0.43188649996019807,0.7058146634401419,0.3796133060718544
ES,GLOBEX,2.0,14,1.1530027099690687,0.43188649996019807,0.7211162100088706,0.3745754422136477
ES,GLOBEX,2.0,15,1.1521429228269533,0.43188649996019807,0.7202564228667552,0.37485496929538964
ES,GLOBEX,2.0,16,1.1964865058326997,0.43188649996019807,0.7646000058725015,0.36096228236157574
ES,GLOBEX,2.0,17,1.2225863131033725,0.43188649996019807,0.7906998131431744,0.35325644932496564
ES,GLOBEX,2.0,18,1.2580100996037284,0.43188649996019807,0.8261235996435303,0.3433092469577484
ES,GLOBEX,2.0,19,1.3051047483684193,0.43188649996019807,0.8732182484082212,0.3309209475332323
ES,GLOBEX,2.0,20,1.3086719261288011,0.43188649996019807,0.876785426168603,0.3300189232589156
ES,GLOBEX,2.0,21,1.3688147217235782,0.43188649996019807,0.9369282217633801,0.315518596568261
ES,GLOBEX,2.0,22,1.3842900300280492,0.43188649996019807,0.9524035300678511,0.31199133894755204
ES,GLOBEX,2.0,23,1.4204879201785139,0.43188649996019807,0.9886014202183158,0.3040409522848477
ES,GLOBEX,2.0,24,1.4392209569323973,0.43188649996019807,1.0073344569721991,0.3000835263549352
ES,GLOBEX,2.0,25,1.445711224601493,0.43188649996019807,1.0138247246412948,0.2987363538518881
ES,GLOBEX,2.0,26,1.4575791020165942,0.43188649996019807,1.0256926020563961,0.29630398745609976
ES,GLOBEX,2.0,27,1.4716534729698874,0.43188649996019807,1.0397669730096892,0.2934702413935969
ES,GLOBEX,2.0,28,1.5059182917846343,0.43188649996019807,1.0740317918244362,0.2867927843869788
ES,GLOBEX,2.0,29,1.5074811618050712,0.43188649996019807,1.075594661844873,0.28649545407456595
ES,GLOBEX,2.0,30,1.5068870442380888,0.43188649996019807,1.0750005442778907,0.2866084101071877
ES,GLOBEX,2.0,31,1.4988531081913983,0.43188649996019807,1.0669666082312002,0.2881446471304563
ES,GLOBEX,2.0,32,1.5067037076904521,0.43188649996019807,1.074817207730254,0.2866432847784084
ES,GLOBEX,2.0,33,1.5189867990424255,0.43188649996019807,1.0871002990822274,0.28432538072908914
ES,GLOBEX,2.0,34,1.5417777672469206,0.43188649996019807,1.1098912672867225,0.28012240747990375
ES,GLOBEX,2.0,35,1.550123746023247,0.43188649996019807,1.118237246063049,0.2786142081031775
ES,GLOBEX,2.0,36,1.5532551192661592,0.43188649996019807,1.121368619305961,0.27805251990042973
ES,GLOBEX,2.0,37,1.5462583899452222,0.43188649996019807,1.1143718899850241,0.2793106913880662
ES,GLOBEX,2.0,38,1.570817345707335,0.43188649996019807,1.138930845747137,0.27494380625503
ES,GLOBEX,2.0,39,1.605513809318657,0.43188649996019807,1.1736273093584588,0.269002046231842
ES,GLOBEX,2.0,40,1.5950998089778377,0.43188649996019807,1.1632133090176395,0.27075829207011004
NQ,GLOBEX,0.5,1,0.3454597114028728,0.13868386397758925,0.20677584742528354,0.4014472871942426
NQ,GLOBEX,0.5,2,0.4810926794719903,0.13868386397758925,0.34240881549440105,0.288268497724384
NQ,GLOBEX,0.5,3,0.5704464455751423,0.13868386397758925,0.4317625815975531,0.24311460795897105
NQ,GLOBEX,0.5,4,0.6215973158429778,0.13868386397758925,0.4829134518653886,0.22310885269752723
NQ,GLOBEX,0.5,5,0.6607730463770521,0.13868386397758925,0.5220891823994629,0.209881236436592
NQ,GLOBEX,0.5,6,0.721234475381487,0.13868386397758925,0.5825506114038977,0.19228679259159698
NQ,GLOBEX,0.5,7,0.7878100465998187,0.13868386397758925,0.6491261826222294,0.17603718634478907
NQ,GLOBEX,0.5,8,0.838124991741113,0.13868386397758925,0.6994411277635237,0.165469190567255
NQ,GLOBEX,0.5,9,0.8443696920640029,0.13868386397758925,0.7056858280864137,0.16424543097773464
NQ,GLOBEX,0.5,10,0.8863581444970685,0.13868386397758925,0.7476742805194793,0.15646481598731213
NQ,GLOBEX,0.5,11,0.9218758790585658,0.13868386397758925,0.7831920150809766,0.1504365903566274
NQ,GLOBEX,0.5,12,0.9333557644771319,0.13868386397758925,0.7946719004995426,0.14858628323282524
NQ,GLOBEX,0.5,13,0.9631726246844355,0.13868386397758925,0.8244887607068463,0.14398650919198028
NQ,GLOBEX,0.5,14,0.9803853259035876,0.13868386397758925,0.8417014619259984,0.14145852688050903
NQ,GLOBEX,0.5,15,0.9568667270108516,0.13868386397758925,0.8181828630332624,0.1449354022485688
NQ,GLOBEX,0.5,16,0.985234533963183,0.13868386397758925,0.8465506699855937,0.1407622847117656
NQ,GLOBEX,0.5,17,1.0434659968687894,0.13868386397758925,0.9047821328912001,0.13290693170045678
NQ,GLOBEX,0.5,18,1.0375065679991171,0.13868386397758925,0.8988227040215279,0.13367034798155347
NQ,GLOBEX,0.5,19,1.0511950569821271,0.13868386397758925,0.9125111930045379,0.13192971471511325
NQ,GLOBEX,0.5,20,1.0522246842057383,0.13868386397758925,0.9135408202281491,0.13180061830831638
NQ,GLOBEX,0.5,21,1.1195206640731825,0.13868386397758925,0.9808368000955933,0.12387789562812711
NQ,GLOBEX,0.5,22,1.155627453076545,0.13868386397758925,1.0169435890989558,0.12000741554588466
NQ,GLOBEX,0.5,23,1.1724753613396,0.13868386397758925,1.0337914973620106,0.11828296657691587
NQ,GLOBEX,0.5,24,1.1887753725892503,0.13868386397758925,1.050091508611661,0.11666111796673952
NQ,GLOBEX,0.5,25,1.180237125932759,0.13868386397758925,1.04155326195517,0.11750508514802507
NQ,GLOBEX,0.5,26,1.2122690423477198,0.13868386397758925,1.0735851783701307,0.11440023553600738
NQ,GLOBEX,0.5,27,1.1958682954560658,0.13868386397758925,1.0571844314784764,0.11596917863325382
NQ,GLOBEX,0.5,28,1.2242819214405194,0.13868386397758925,1.08559805746293,0.11327771941156371
NQ,GLOBEX,0.5,29,1.202745468619794,0.13868386397758925,1.064061604642205,0.11530607896343636
NQ,GLOBEX,0.5,30,1.1873448362493502,0.13868386397758925,1.0486609722717608,0.11680167356913046
NQ,GLOBEX,0.5,31,1.2017633640130212,0.13868386397758925,1.0630795000354318,0.11540030935415219
NQ,GLOBEX,0.5,32,1.2332514004204584,0.13868386397758925,1.0945675364428693,0.11245384674228391
NQ,GLOBEX,0.5,33,1.2193989679050934,0.13868386397758925,1.080715103927504,0.11373132799664884
NQ,GLOBEX,0.5,34,1.2251306781187647,0.13868386397758925,1.0864468141411754,0.1131992418886642
NQ,GLOBEX,0.5,35,1.2196799898708468,0.13868386397758925,1.0809961258932574,0.11370512358104246
NQ,GLOBEX,0.5,36,1.2211465791696212,0.13868386397758925,1.0824627151920319,0.11356856444858092
NQ,GLOBEX,0.5,37,1.2592619303703076,0.13868386397758925,1.1205780663927185,0.11013107013947994
NQ,GLOBEX,0.5,38,1.2714322051237057,0.13868386397758925,1.1327483411461166,0.10907688464922581
NQ,GLOBEX,0.5,39,1.272312936994616,0.13868386397758925,1.1336290730170266,0.10900137846997002
NQ,GLOBEX,0.5,40,1.2689113938280812,0.13868386397758925,1.130227529850492,0.10929357609376063
NQ,GLOBEX,1.0,1,0.36872973261042147,0.13868386397758925,0.23004586863283222,0.3761125065661971
NQ,GLOBEX,1.0,2,0.5056898380639885,0.13868386397758925,0.36700597408639923,0.2742468871997396
NQ,GLOBEX,1.0,3,0.596061090921751,0.13868386397758925,0.4573772269441617,0.23266719819461465
NQ,GLOBEX,1.0,4,0.6461330103223784,0.13868386397758925,0.5074491463447891,0.21463671064939868
NQ,GLOBEX,1.0,5,0.6935859356370316,0.13868386397758925,0.5549020716594424,0.1999519552688356
NQ,GLOBEX,1.0,6,0.7476049539680868,0.13868386397758925,0.6089210899904975,0.18550420678928417
NQ,GLOBEX,1.0,7,0.8201892430669757,0.13868386397758925,0.6815053790893865,0.16908764062669435
NQ,GLOBEX,1.0,8,0.8667685339625243,0.13868386397758925,0.728084669984935,0.16000103665921195
NQ,GLOBEX,1.0,9,0.8778628309394045,0.13868386397758925,0.7391789669618153,0.15797896788634175
NQ,GLOBEX,1.0,10,0.9233046165822656,0.13868386397758925,0.7846207526046763,0.15020380217630228
NQ,GLOBEX,1.0,11,0.9571236670707308,0.13868386397758925,0.8184398030931416,0.1448964943078151
NQ,GLOBEX,1.0,12,0.9732893352952452,0.13868386397758925,0.834605471317656,0.14248986293014276
NQ,GLOBEX,1.0,13,0.9955782825695688,0.13868386397758925,0.8568944185919796,0.1392998083683071
NQ,GLOBEX,1.0,14,1.0124458543054993,0.13868386397758925,0.87376199032791,0.13697904276838715
NQ,GLOBEX,1.0,15,0.9971244318301851,0.13868386397758925,0.8584405678525958,0.13908380895154693
NQ,GLOBEX,1.0,16,1.0176137252411035,0.13868386397758925,0.8789298612635142,0.13628340551787552
NQ,GLOBEX,1.0,17,1.0659544779881995,0.13868386397758925,0.9272706140106103,0.13010298923771163
NQ,GLOBEX,1.0,18,1.072181475723047,0.13868386397758925,0.9334976117454578,0.12934737926157977
NQ,GLOBEX,1.0,19,1.0850652744794067,0.13868386397758925,0.9463814105018175,0.12781154022657953
NQ,GLOBEX,1.0,20,1.0853208604296252,0.13868386397758925,0.9466369964520359,0.12778144144644113
NQ,GLOBEX,1.0,21,1.1554106307331613,0.13868386397758925,1.0167267667555722,0.1200299359281366
NQ,GLOBEX,1.0,22,1.1811944394114469,0.13868386397758925,1.0425105754338575,0.1174098517147534
NQ,GLOBEX,1.0,23,1.2103301962892954,0.13868386397758925,1.071646332311706,0.11458349498572766
NQ,GLOBEX,1.0,24,1.2171277673400667,0.13868386397758925,1.0784439033624773,0.11394355440651191
NQ,GLOBEX,1.0,25,1.21608513250243,0.13868386397758925,1.0774012685248406,0.11404124618496816
NQ,GLOBEX,1.0,26,1.2357808767788414,0.13868386397758925,1.0970970128012523,0.1122236689234741
NQ,GLOBEX,1.0,27,1.2369435117596923,0.13868386397758925,1.0982596477821032,0.11211818701429278
NQ,GLOBEX,1.0,28,1.2642505753478654,0.13868386397758925,1.125566711370276,0.10969650058449025
NQ,GLOBEX,1.0,29,1.2529146503385922,0.13868386397758925,1.114230786361003,0.11068899540771658
NQ,GLOBEX,1.0,30,1.2333228616171825,0.13868386397758925,1.0946389976395934,0.11244733094117901
NQ,GLOBEX,1.0,31,1.241976701682613,0.13868386397758925,1.1032928377050237,0.11166382089913783
NQ,GLOBEX,1.0,32,1.2750276374162837,0.13868386397758925,1.1363437734386945,0.10876930029424167
NQ,GLOBEX,1.0,33,1.2731800314839832,0.13868386397758925,1.134496167506394,0.1089271434896314
NQ,GLOBEX,1.0,34,1.2814345883308211,0.13868386397758925,1.142750724353232,0.10822547263862833
NQ,GLOBEX,1.0,35,1.2852028185991504,0.13868386397758925,1.1465189546215613,0.10790815423884018
NQ,GLOBEX,1.0,36,1.2801154128666925,0.13868386397758925,1.1414315488891034,0.10833700038578582
NQ,GLOBEX,1.0,37,1.3036278422183976,0.13868386397758925,1.1649439782408084,0.10638301782630649
NQ,GLOBEX,1.0,38,1.3224742144451866,0.13868386397758925,1.1837903504675973,0.10486697015546034
NQ,GLOBEX,1.0,39,1.3311525341437123,0.13868386397758925,1.192468670166123,0.10418330012555634
NQ,GLOBEX,1.0,40,1.3304613628427693,0.13868386397758925,1.19177749886518,0.1042374230855275
NQ,GLOBEX,2.0,1,0.42379230713724264,0.13868386397758925,0.2851084431596534,0.32724488302869853
NQ,GLOBEX,2.0,2,0.5590372312084221,0.13868386397758925,0.42035336723083283,0.24807625724284665
NQ,GLOBEX,2.0,3,0.6563384342788448,0.13868386397758925,0.5176545703012555,0.211299318666244
NQ,GLOBEX,2.0,4,0.7030272303195474,0.13868386397758925,0.5643433663419581,0.19726670318950973
NQ,GLOBEX,2.0,5,0.7598736811201765,0.13868386397758925,0.6211898171425873,0.1825091030566381
NQ,GLOBEX,2.0,6,0.8114836361262515,0.13868386397758925,0.6727997721486623,0.17090161502161538
NQ,GLOBEX,2.0,7,0.8978809239003586,0.13868386397758925,0.7591970599227693,0.15445685534241238
NQ,GLOBEX,2.0,8,0.9342232938054541,0.13868386397758925,0.7955394298278649,0.14844830448690274
NQ,GLOBEX,2.0,9,0.9539916501131823,0.13868386397758925,0.8153077861355931,0.14537219897169507
NQ,GLOBEX,2.0,10,1.008006052790796,0.13868386397758925,0.8693221888132067,0.1375823722423342
NQ,GLOBEX,2.0,11,1.038139271145465,0.13868386397758925,0.8994554071678756,0.13358888140756672
NQ,GLOBEX,2.0,12,1.062610071059271,0.13868386397758925,0.9239262070816817,0.13051246901823657
NQ,GLOBEX,2.0,13,1.0804200888098558,0.13868386397758925,0.9417362248322666,0.1283610564205238
NQ,GLOBEX,2.0,14,1.0932449069126133,0.13868386397758925,0.9545610429350241,0.12685525731763111
NQ,GLOBEX,2.0,15,1.0785885746352533,0.13868386397758925,0.939904710657664,0.12857902191712722
NQ,GLOBEX,2.0,16,1.1078461279071155,0.13868386397758925,0.9691622639295262,0.12518332689358538
NQ,GLOBEX,2.0,17,1.144845878679146,0.13868386397758925,1.0061620147015566,0.12113758415900865
NQ,GLOBEX,2.0,18,1.155980309619954,0.13868386397758925,1.0172964456423648,0.11997078395148761
NQ,GLOBEX,2.0,19,1.1826418976638868,0.13868386397758925,1.0439580336862977,0.11726615153034596
NQ,GLOBEX,2.0,20,1.176518675927749,0.13868386397758925,1.0378348119501597,0.11787646623478329
NQ,GLOBEX,2.0,21,1.2426659929429198,0.13868386397758925,1.1039821289653307,0.11160188237641706
NQ,GLOBEX,2.0,22,1.264305605982595,0.13868386397758925,1.1256217420050056,0.10969172589392001
NQ,GLOBEX,2.0,23,1.2954155701627013,0.13868386397758925,1.156731706185112,0.10705743173997119
NQ,GLOBEX,2.0,24,1.2955023665160479,0.13868386397758925,1.1568185025384587,0.10705025908254204
NQ,GLOBEX,2.0,25,1.308623129168143,0.13868386397758925,1.1699392651905538,0.10597693169747574
NQ,GLOBEX,2.0,26,1.3113171048594259,0.13868386397758925,1.1726332408818365,0.10575921221774671
NQ,GLOBEX,2.0,27,1.33731168450355,0.13868386397758925,1.1986278205259606,0.10370347136320195
NQ,GLOBEX,2.0,28,1.3646281724745242,0.13868386397758925,1.2259443084969348,0.10162758381728947
NQ,GLOBEX,2.0,29,1.3611474107042083,0.13868386397758925,1.222463546726619,0.10188746853350678
NQ,GLOBEX,2.0,30,1.347555253716629,0.13868386397758925,1.20887138973904,0.1029151595788683
NQ,GLOBEX,2.0,31,1.3383274173892397,0.13868386397758925,1.1996435534116503,0.10362476489357789
NQ,GLOBEX,2.0,32,1.3612627983765928,0.13868386397758925,1.2225789343990034,0.10187883202492573
NQ,GLOBEX,2.0,33,1.3817849074451851,0.13868386397758925,1.243101043467596,0.10036573943625215
NQ,GLOBEX,2.0,34,1.3981855898734117,0.13868386397758925,1.2595017258958223,0.09918845179211534
NQ,GLOBEX,2.0,35,1.4065293285098257,0.13868386397758925,1.2678454645322366,0.09860005132244239
NQ,GLOBEX,2.0,36,1.3953221895229713,0.13868386397758925,1.256638325545382,0.09939200065685337
NQ,GLOBEX,2.0,37,1.4056558152952794,0.13868386397758925,1.2669719513176902,0.0986613241083178
NQ,GLOBEX,2.0,38,1.4366692011560966,0.13868386397758925,1.2979853371785075,0.09653152156807529
NQ,GLOBEX,2.0,39,1.4505613143249012,0.13868386397758925,1.3118774503473118,0.09560703336565503
NQ,GLOBEX,2.0,40,1.4545029292127682,0.13868386397758925,1.3158190652351789,0.09534794409293502
ES,RTH,0.5,1,0.4517625505167181,0.4124602948118069,0.03930225570491119,0.9130024043383898
ES,RTH,0.5,2,0.577932649615849,0.4124602948118069,0.1654723548040421,0.7136822864843657
ES,RTH,0.5,3,0.6784566334755749,0.4124602948118069,0.26599633866376804,0.6079390700314464
ES,RTH,0.5,4,0.7236913009527395,0.4124602948118069,0.3112310061409326,0.5699395505636216
ES,RTH,0.5,5,0.7726894709133478,0.4124602948118069,0.3602291761015409,0.5337982596349649
ES,RTH,0.5,6,0.8591092639472809,0.4124602948118069,0.446648969135474,0.48010225488281716
ES,RTH,0.5,7,0.9099441234262111,0.4124602948118069,0.4974838286144042,0.4532809039513007
ES,RTH,0.5,8,0.9363691919407313,0.4124602948118069,0.5239088971289244,0.4404889635005357
ES,RTH,0.5,9,0.9845838642537281,0.4124602948118069,0.5721235694419212,0.4189183976973195
ES,RTH,0.5,10,1.0076634338871602,0.4124602948118069,0.5952031390753533,0.4093234714498878
ES,RTH,0.5,11,1.0806900390646286,0.4124602948118069,0.6682297442528217,0.3816638257985651
ES,RTH,0.5,12,1.088290444532939,0.4124602948118069,0.6758301497211322,0.37899836103846546
ES,RTH,0.5,13,1.1078242223684798,0.4124602948118069,0.6953639275566729,0.37231564943577855
ES,RTH,0.5,14,1.1311180043802531,0.4124602948118069,0.7186577095684462,0.3646483330780298
ES,RTH,0.5,15,1.1458142984388082,0.4124602948118069,0.7333540036270013,0.3599713281408612
ES,RTH,0.5,16,1.1646908157772071,0.4124602948118069,0.7522305209654002,0.35413715745373076
ES,RTH,0.5,17,1.2107443411475458,0.4124602948118069,0.7982840463357389,0.34066671285936073
ES,RTH,0.5,18,1.2763399314442692,0.4124602948118069,0.8638796366324623,0.32315865440727753
ES,RTH,0.5,19,1.234180690299053,0.4124602948118069,0.8217203954872462,0.3341976568373178
ES,RTH,0.5,20,1.3037354023909196,0.4124602948118069,0.8912751075791127,0.3163681020361925
ES,RTH,0.5,21,1.3303897967261606,0.4124602948118069,0.9179295019143537,0.310029658846448
ES,RTH,0.5,22,1.3751688195857998,0.4124602948118069,0.9627085247739929,0.2999342982020489
ES,RTH,0.5,23,1.3957927442189682,0.4124602948118069,0.9833324494071612,0.2955025354015605
ES,RTH,0.5,24,1.4257553129111407,0.4124602948118069,1.0132950180993339,0.2892924831327725
ES,RTH,0.5,25,1.3926390264081199,0.4124602948118069,0.980178731596313,0.2961717192972972
ES,RTH,0.5,26,1.387187015343363,0.4124602948118069,0.9747267205315561,0.29733575231722653
ES,RTH,0.5,27,1.3917971648063783,0.4124602948118069,0.9793368699945714,0.2963508658024798
ES,RTH,0.5,28,1.4193574148635086,0.4124602948118069,1.0068971200517018,0.2905964984524147
ES,RTH,0.5,29,1.467954273863429,0.4124602948118069,1.0554939790516222,0.2809762552932082
ES,RTH,0.5,30,1.4453165500297518,0.4124602948118069,1.0328562552179448,0.28537713402874715
ES,RTH,0.5,31,1.4614619316103032,0.4124602948118069,1.0490016367984962,0.2822244533987553
ES,RTH,0.5,32,1.4395105059420905,0.4124602948118069,1.0270502111302835,0.28652815877982873
ES,RTH,0.5,33,1.483782983276788,0.4124602948118069,1.071322688464981,0.27797885503507336
ES,RTH,0.5,34,1.5492956440802486,0.4124602948118069,1.1368353492684418,0.2662243945419902
ES,RTH,0.5,35,1.4795107881061342,0.4124602948118069,1.0670504932943272,0.27878153922742377
ES,RTH,0.5,36,1.4701481189897254,0.4124602948118069,1.0576878241779184,0.2805569653044528
ES,RTH,0.5,37,1.5412838178446635,0.4124602948118069,1.1288235230328567,0.2676082691821113
ES,RTH,0.5,38,1.5420797340377,0.4124602948118069,1.129619439225893,0.2674701480784283
ES,RTH,0.5,39,1.537252839271419,0.4124602948118069,1.1247925444596123,0.268309990572073
ES,RTH,0.5,40,1.5638129820099536,0.4124602948118069,1.1513526871981465,0.26375295483330474
ES,RTH,1.0,1,0.4542287340531088,0.4124602948118069,0.04176843924130191,0.9080453610483868
ES,RTH,1.0,2,0.5910393173034805,0.4124602948118069,0.17857902249167357,0.6978559340072147
ES,RTH,1.0,3,0.696669813882284,0.4124602948118069,0.2842095190704771,0.5920455954784631
ES,RTH,1.0,4,0.7443016403766741,0.4124602948118069,0.3318413455648672,0.5541574442897508
ES,RTH,1.0,5,0.7970081642074174,0.4124602948118069,0.3845478693956105,0.5175107525052481
ES,RTH,1.0,6,0.8714911552490627,0.4124602948118069,0.4590308604372558,0.47328110254191874
ES,RTH,1.0,7,0.9305825420295301,0.4124602948118069,0.5181222472177232,0.44322806004103865
ES,RTH,1.0,8,0.9615907740922752,0.4124602948118069,0.5491304792804683,0.4289353703514493
ES,RTH,1.0,9,0.9980509942674082,0.4124602948118069,0.5855906994556013,0.41326575213179567
ES,RTH,1.0,10,1.0441650690457982,0.4124602948118069,0.6317047742339913,0.3950144541693302
ES,RTH,1.0,11,1.0919783688009492,0.4124602948118069,0.6795180739891423,0.37771837482889925
ES,RTH,1.0,12,1.1142478558257691,0.4124602948118069,0.7017875610139622,0.3701692515316824
ES,RTH,1.0,13,1.1378464887441728,0.4124602948118069,0.7253861939323659,0.36249203991219786
ES,RTH,1.0,14,1.1628595651894924,0.4124602948118069,0.7503992703776855,0.3546948463588507
ES,RTH,1.0,15,1.1778055083037078,0.4124602948118069,0.7653452134919009,0.3501938918640634
ES,RTH,1.0,16,1.2005679237048734,0.4124602948118069,0.7881076288930665,0.34355431847536094
ES,RTH,1.0,17,1.2532446939522912,0.4124602948118069,0.8407843991404843,0.3291139366495563
ES,RTH,1.0,18,1.2925107435375993,0.4124602948118069,0.8800504487257924,0.31911556393171936
ES,RTH,1.0,19,1.274439954417624,0.4124602948118069,0.861979659605817,0.32364042996461717
ES,RTH,1.0,20,1.3271706134526806,0.4124602948118069,0.9147103186408737,0.31078166637428556
ES,RTH,1.0,21,1.3700233267581035,0.4124602948118069,0.9575630319462966,0.3010607825107729
ES,RTH,1.0,22,1.4052399238548179,0.4124602948118069,0.992779629043011,0.2935159240853024
ES,RTH,1.0,23,1.4336661463577118,0.4124602948118069,1.021205851545905,0.28769619472405017
ES,RTH,1.0,24,1.4448529351808241,0.4124602948118069,1.0323926403690171,0.2854687039551103
ES,RTH,1.0,25,1.4225837173748717,0.4124602948118069,1.0101234225630646,0.289937449567418
ES,RTH,1.0,26,1.4336558345148946,0.4124602948118069,1.0211955397030876,0.28769826403376014
ES,RTH,1.0,27,1.4397304808722042,0.4124602948118069,1.0272701860603974,0.286484380438993
ES,RTH,1.0,28,1.4721331638670698,0.4124602948118069,1.0596728690552628,0.2801786583819201
ES,RTH,1.0,29,1.4854529793212605,0.4124602948118069,1.0729926845094537,0.2776663418860084
ES,RTH,1.0,30,1.4794035004635362,0.4124602948118069,1.0669432056517292,0.2788017567097632
ES,RTH,1.0,31,1.494766165883421,0.4124602948118069,1.0823058710716142,0.27593633320435706
ES,RTH,1.0,32,1.4871349680711834,0.4124602948118069,1.0746746732593766,0.27735229395269256
ES,RTH,1.0,33,1.5300771682437813,0.4124602948118069,1.1176168734319742,0.2695682958822448
ES,RTH,1.0,34,1.5725905755766085,0.4124602948118069,1.1601302807648017,0.26228078764911433
ES,RTH,1.0,35,1.5212389575931338,0.4124602948118069,1.1087786627813268,0.2711344544215402
ES,RTH,1.0,36,1.5174084357501878,0.4124602948118069,1.1049481409383808,0.2718189019477091
ES,RTH,1.0,37,1.5677174471028157,0.4124602948118069,1.155257152291009,0.2630960671988723
ES,RTH,1.0,38,1.5794802870005828,0.4124602948118069,1.1670199921887758,0.2611367157959691
ES,RTH,1.0,39,1.5739228199078457,0.4124602948118069,1.1614625250960389,0.2620587805162878
ES,RTH,1.0,40,1.5973488394660333,0.4124602948118069,1.1848885446542265,0.2582155410396676
ES,RTH,2.0,1,0.4664494742726722,0.4124602948118069,0.05398917946086529,0.8842550320266738
ES,RTH,2.0,2,0.6062754779647083,0.4124602948118069,0.19381518315290136,0.6803182873179253
ES,RTH,2.0,3,0.7252438666667698,0.4124602948118069,0.31278357185496286,0.568719452544259
ES,RTH,2.0,4,0.7876315583113882,0.4124602948118069,0.3751712634995813,0.5236716208985899
ES,RTH,2.0,5,0.8367739860553847,0.4124602948118069,0.42431369124357776,0.49291720546449547
ES,RTH,2.0,6,0.9037737860754286,0.4124602948118069,0.49131349126362167,0.4563755899613835
ES,RTH,2.0,7,0.9693760652761885,0.4124602948118069,0.5569157704643816,0.4254904877337686
ES,RTH,2.0,8,1.001274854391391,0.4124602948118069,0.5888145595795841,0.41193513749280597
ES,RTH,2.0,9,1.0396245431327686,0.4124602948118069,0.6271642483209617,0.3967396667732692
ES,RTH,2.0,10,1.098476334777952,0.4124602948118069,0.6860160399661451,0.3754840061212446
ES,RTH,2.0,11,1.1278966865720037,0.4124602948118069,0.7154363917601968,0.3656897832241977
ES,RTH,2.0,12,1.1699501355757191,0.4124602948118069,0.7574898407639122,0.35254519168788323
ES,RTH,2.0,13,1.2084872860289992,0.4124602948118069,0.7960269912171923,0.34130296576567326
ES,RTH,2.0,14,1.2267593739757605,0.4124602948118069,0.8142990791639536,0.33621939523076894
ES,RTH,2.0,15,1.2469961035347996,0.4124602948118069,0.8345358087229927,0.3307630983309616
ES,RTH,2.0,16,1.2779308052429212,0.4124602948118069,0.8654705104311143,0.32275635982763756
ES,RTH,2.0,17,1.3340028373741746,0.4124602948118069,0.9215425425623677,0.30918996815905264
ES,RTH,2.0,18,1.356102389025953,0.4124602948118069,0.943642094214146,0.3041512928150393
ES,RTH,2.0,19,1.358249962542436,0.4124602948118069,0.9457896677306291,0.30367038924097917
ES,RTH,2.0,20,1.4034159090288936,0.4124602948118069,0.9909556142170867,0.2938974057214533
ES,RTH,2.0,21,1.452584812424105,0.4124602948118069,1.040124517612298,0.2839491995813203
ES,RTH,2.0,22,1.4876541226813003,0.4124602948118069,1.0751938278694935,0.27725550484033323
ES,RTH,2.0,23,1.5155775895455164,0.4124602948118069,1.1031172947337096,0.2721472642885234
ES,RTH,2.0,24,1.514741811826327,0.4124602948118069,1.1022815170145202,0.2722974249416822
ES,RTH,2.0,25,1.4991644265133073,0.4124602948118069,1.0867041317015005,0.2751267889747688
ES,RTH,2.0,26,1.5329895929021697,0.4124602948118069,1.120529298090363,0.2690561610604024
ES,RTH,2.0,27,1.5504557813865352,0.4124602948118069,1.1379954865747282,0.2660251906332689
ES,RTH,2.0,28,1.5828243113617604,0.4124602948118069,1.1703640165499536,0.2605850136689855
ES,RTH,2.0,29,1.5720227803110922,0.4124602948118069,1.1595624854992854,0.26237552023907945
ES,RTH,2.0,30,1.5743473541206563,0.4124602948118069,1.1618870593088495,0.2619881144604105
ES,RTH,2.0,31,1.5804813707080678,0.4124602948118069,1.1680210758962608,0.2609713106754441
ES,RTH,2.0,32,1.5861724957000685,0.4124602948118069,1.1737122008882617,0.26003495580079683
ES,RTH,2.0,33,1.6277174591731032,0.4124602948118069,1.2152571643612964,0.2533979668813904
ES,RTH,2.0,34,1.6459694939218432,0.4124602948118069,1.2335091991100362,0.2505880554499463
ES,RTH,2.0,35,1.6168362744326203,0.4124602948118069,1.2043759796208136,0.25510331586081425
ES,RTH,2.0,36,1.616287972337473,0.4124602948118069,1.2038276775256662,0.255189855935949
ES,RTH,2.0,37,1.6576240523966945,0.4124602948118069,1.2451637575848875,0.24882620049790333
ES,RTH,2.0,38,1.6774974519840586,0.4124602948118069,1.2650371571722516,0.24587834355513916
ES,RTH,2.0,39,1.6762279958331903,0.4124602948118069,1.2637677010213832,0.24606455436677532
ES,RTH,2.0,40,1.6901168929628685,0.4124602948118069,1.2776565981510615,0.24404246625139706
NQ,RTH,0.5,1,0.4307898546867595,0.15594971269791152,0.274840141988848,0.3620087868859106
NQ,RTH,0.5,2,0.5446555887258491,0.15594971269791152,0.38870587602793755,0.2863272055331987
NQ,RTH,0.5,3,0.6143342995593213,0.15594971269791152,0.45838458686140976,0.25385154761793133
NQ,RTH,0.5,4,0.6624622069232826,0.15594971269791152,0.5065124942253711,0.2354092219421832
NQ,RTH,0.5,5,0.7184398220278226,0.15594971269791152,0.5624901093299111,0.217067189090017
NQ,RTH,0.5,6,0.7691501906903044,0.15594971269791152,0.613200477992393,0.20275586561052303
NQ,RTH,0.5,7,0.8372678976002197,0.15594971269791152,0.6813181849023082,0.18626023181456636
NQ,RTH,0.5,8,0.8380565391117751,0.15594971269791152,0.6821068264138637,0.18608495420034168
NQ,RTH,0.5,9,0.8632945341169179,0.15594971269791152,0.7073448214190063,0.18064485124701474
NQ,RTH,0.5,10,0.9325313831111732,0.15594971269791152,0.7765816704132618,0.1672326696154951
NQ,RTH,0.5,11,0.948918584626869,0.15594971269791152,0.7929688719289574,0.16434467110709358
NQ,RTH,0.5,12,0.9871482255401293,0.15594971269791152,0.8311985128422177,0.15798003649612183
NQ,RTH,0.5,13,0.9801516381836655,0.15594971269791152,0.824201925485754,0.15910774070316752
NQ,RTH,0.5,14,1.0102894895774914,0.15594971269791152,0.85433977687958,0.1543614125522879
NQ,RTH,0.5,15,1.0354502165274098,0.15594971269791152,0.8795005038294983,0.15061053656536014
NQ,RTH,0.5,16,1.0143479268735747,0.15594971269791152,0.8583982141756632,0.15374380778652555
NQ,RTH,0.5,17,1.073640739567871,0.15594971269791152,0.9176910268699596,0.145253162394601
NQ,RTH,0.5,18,1.0645913570231262,0.15594971269791152,0.9086416443252148,0.14648786284907234
NQ,RTH,0.5,19,1.0456013769639187,0.15594971269791152,0.8896516642660073,0.14914834289023032
NQ,RTH,0.5,20,1.0781664606568024,0.15594971269791152,0.922216747958891,0.14464344643303906
NQ,RTH,0.5,21,1.1529240796101996,0.15594971269791152,0.9969743669122881,0.1352645117366598
NQ,RTH,0.5,22,1.1875065245245116,0.15594971269791152,1.0315568118266,0.1313253523052054
NQ,RTH,0.5,23,1.1820524894614823,0.15594971269791152,1.0261027767635709,0.13193129246651208
NQ,RTH,0.5,24,1.1881489918216104,0.15594971269791152,1.032199279123699,0.1312543408035193
NQ,RTH,0.5,25,1.1897406192806044,0.15594971269791152,1.033790906582693,0.13107874957838206
NQ,RTH,0.5,26,1.2006520171649018,0.15594971269791152,1.0447023044669903,0.12988751983789226
NQ,RTH,0.5,27,1.188990998722592,0.15594971269791152,1.0330412860246805,0.13116139051133116
NQ,RTH,0.5,28,1.2010679719284971,0.15594971269791152,1.0451182592305857,0.1298425370943083
NQ,RTH,0.5,29,1.1961783882496944,0.15594971269791152,1.0402286755517829,0.13037329066453426
NQ,RTH,0.5,30,1.2093349059455523,0.15594971269791152,1.0533851932476408,0.12895494203566207
NQ,RTH,0.5,31,1.2345596835961772,0.15594971269791152,1.0786099708982657,0.12632010810821395
NQ,RTH,0.5,32,1.24587282052367,0.15594971269791152,1.0899231078257585,0.12517305950406893
NQ,RTH,0.5,33,1.2238707861612976,0.15594971269791152,1.0679210734633862,0.1274233476779455
NQ,RTH,0.5,34,1.2617301972381632,0.15594971269791152,1.1057804845402517,0.12359988929429941
NQ,RTH,0.5,35,1.2141565671673602,0.15594971269791152,1.0582068544694487,0.1284428358870914
NQ,RTH,0.5,36,1.234379472080214,0.15594971269791152,1.0784297593823025,0.1263385500368864
NQ,RTH,0.5,37,1.298430844104589,0.15594971269791152,1.1424811314066776,0.12010629091721554
NQ,RTH,0.5,38,1.3347845609057976,0.15594971269791152,1.178834848207886,0.1168351187640967
NQ,RTH,0.5,39,1.2951729348751946,0.15594971269791152,1.1392232221772831,0.12040840917737301
NQ,RTH,0.5,40,1.343012011998046,0.15594971269791152,1.1870622993001345,0.11611937295028335
NQ,RTH,1.0,1,0.43216997737307455,0.15594971269791152,0.27622026467516303,0.3608527219911127
NQ,RTH,1.0,2,0.5499546079610454,0.15594971269791152,0.3940048952631339,0.283568335350611
NQ,RTH,1.0,3,0.6298137272569391,0.15594971269791152,0.47386401455902755,0.24761243832700747
NQ,RTH,1.0,4,0.6729041160172211,0.15594971269791152,0.5169544033193096,0.23175621754395753
NQ,RTH,1.0,5,0.7316601638548498,0.15594971269791152,0.5757104511569382,0.21314500966715139
NQ,RTH,1.0,6,0.7765286900391986,0.15594971269791152,0.6205789773412871,0.20082929928840015
NQ,RTH,1.0,7,0.8448505032810112,0.15594971269791152,0.6889007905830997,0.18458853026928965
NQ,RTH,1.0,8,0.8640592665406236,0.15594971269791152,0.708109553842712,0.18048497219673018
NQ,RTH,1.0,9,0.8892919593719316,0.15594971269791152,0.73334224667402,0.17536390726848813
NQ,RTH,1.0,10,0.9474353077098577,0.15594971269791152,0.7914855950119462,0.164601964301788
NQ,RTH,1.0,11,0.9705291898403363,0.15594971269791152,0.8145794771424248,0.16068523680732066
NQ,RTH,1.0,12,0.9986361669203682,0.15594971269791152,0.8426864542224566,0.15616269254380716
NQ,RTH,1.0,13,1.010711611911672,0.15594971269791152,0.8547618992137604,0.15429694371765096
NQ,RTH,1.0,14,1.028931061562444,0.15594971269791152,0.8729813488645326,0.1515647826406368
NQ,RTH,1.0,15,1.0375777483566484,0.15594971269791152,0.8816280356587369,0.15030171275830662
NQ,RTH,1.0,16,1.038135728915706,0.15594971269791152,0.8821860162177946,0.15022092810618817
NQ,RTH,1.0,17,1.095191685815292,0.15594971269791152,0.9392419731173804,0.14239490193154464
NQ,RTH,1.0,18,1.096713420287797,0.15594971269791152,0.9407637075898856,0.14219732321410597
NQ,RTH,1.0,19,1.072276689246932,0.15594971269791152,0.9163269765490205,0.14543793991030074
NQ,RTH,1.0,20,1.1115548059422944,0.15594971269791152,0.9556050932443829,0.1402987165942833
NQ,RTH,1.0,21,1.1676509670204718,0.15594971269791152,1.0117012543225603,0.13355850087278465
NQ,RTH,1.0,22,1.2011068740668394,0.15594971269791152,1.045157161368928,0.1298383316797446
NQ,RTH,1.0,23,1.201670728963495,0.15594971269791152,1.0457210162655834,0.12977740818603983
NQ,RTH,1.0,24,1.207893651689242,0.15594971269791152,1.0519439389913305,0.1291088105975352
NQ,RTH,1.0,25,1.1970766049052384,0.15594971269791152,1.041126892207327,0.13027546613047095
NQ,RTH,1.0,26,1.2214011873575163,0.15594971269791152,1.0654514746596049,0.12768098992543675
NQ,RTH,1.0,27,1.22084813975568,0.15594971269791152,1.0648984270577686,0.12773882976888565
NQ,RTH,1.0,28,1.2412735695031722,0.15594971269791152,1.0853238568052608,0.1256368592141468
NQ,RTH,1.0,29,1.2333804343445627,0.15594971269791152,1.0774307216466512,0.12644088421978705
NQ,RTH,1.0,30,1.2458277901100745,0.15594971269791152,1.089878077412163,0.12517758388110178
NQ,RTH,1.0,31,1.2595146939633177,0.15594971269791152,1.1035649812654063,0.12381730316077871
NQ,RTH,1.0,32,1.2712114268967332,0.15594971269791152,1.1152617141988217,0.12267802931776202
NQ,RTH,1.0,33,1.2769429189480703,0.15594971269791152,1.1209932062501589,0.12212739534699088
NQ,RTH,1.0,34,1.3052382354164989,0.15594971269791152,1.1492885227185874,0.11947988379925775
NQ,RTH,1.0,35,1.2698830765330016,0.15594971269791152,1.1139333638350901,0.12280635562423665
NQ,RTH,1.0,36,1.2778383582166088,0.15594971269791152,1.1218886455186974,0.12204181514441295
NQ,RTH,1.0,37,1.32440944981106,0.15594971269791152,1.1684597371131484,0.11775037751366037
NQ,RTH,1.0,38,1.3552445803055047,0.15594971269791152,1.1992948676075932,0.11507126828926828
NQ,RTH,1.0,39,1.3310630474059486,0.15594971269791152,1.1751133347080371,0.11716177757457484
NQ,RTH,1.0,40,1.360378751582775,0.15594971269791152,1.2044290388848635,0.11463698070590045
NQ,RTH,2.0,1,0.4424867703313516,0.15594971269791152,0.28653705763344006,0.3524392663336131
NQ,RTH,2.0,2,0.5627771340636567,0.15594971269791152,0.4068274213657452,0.27710740763726865
NQ,RTH,2.0,3,0.652727393756707,0.15594971269791152,0.49677768105879544,0.23892012835612522
NQ,RTH,2.0,4,0.6966701777529408,0.15594971269791152,0.5407204650550292,0.2238501340776722
NQ,RTH,2.0,5,0.7531380634213606,0.15594971269791152,0.597188350723449,0.20706656624080602
NQ,RTH,2.0,6,0.7987669164201951,0.15594971269791152,0.6428172037222837,0.19523807194822956
NQ,RTH,2.0,7,0.8638021878310985,0.15594971269791152,0.7078524751331869,0.1805386868601041
NQ,RTH,2.0,8,0.8960196409223987,0.15594971269791152,0.7400699282244871,0.17404720340434793
NQ,RTH,2.0,9,0.9300422779129618,0.15594971269791152,0.7740925652150503,0.16768024035194035
NQ,RTH,2.0,10,0.9754778311808405,0.15594971269791152,0.8195281184829291,0.15987007363266315
NQ,RTH,2.0,11,1.0030013473690176,0.15594971269791152,0.8470516346711061,0.15548305404273355
NQ,RTH,2.0,12,1.03276771322406,0.15594971269791152,0.8768180005261486,0.15100173127127772
NQ,RTH,2.0,13,1.0635336868032323,0.15594971269791152,0.9075839741053209,0.14663354309600188
NQ,RTH,2.0,14,1.0709710412567952,0.15594971269791152,0.9150213285588837,0.1456152469957572
NQ,RTH,2.0,15,1.0672692687621288,0.15594971269791152,0.9113195560642173,0.146120306526571
NQ,RTH,2.0,16,1.0930234515483135,0.15594971269791152,0.937073738850402,0.14267737117351162
NQ,RTH,2.0,17,1.1490560566895966,0.15594971269791152,0.9931063439916852,0.1357198474260681
NQ,RTH,2.0,18,1.150429805474284,0.15594971269791152,0.9944800927763726,0.13555778193143964
NQ,RTH,2.0,19,1.1355485516904138,0.15594971269791152,0.9795988389925023,0.1373342535339064
NQ,RTH,2.0,20,1.1831733214776279,0.15594971269791152,1.0272236087797164,0.13180631262303213
NQ,RTH,2.0,21,1.2168847408658965,0.15594971269791152,1.060935028167985,0.1281548756926171
NQ,RTH,2.0,22,1.2464666316935906,0.15594971269791152,1.0905169189956792,0.12511342761419983
NQ,RTH,2.0,23,1.2573504462803047,0.15594971269791152,1.1014007335823932,0.12403042696590033
NQ,RTH,2.0,24,1.262765905260284,0.15594971269791152,1.1068161925623725,0.12349851389578564
NQ,RTH,2.0,25,1.2394669106917793,0.15594971269791152,1.0835171979938678,0.12581998870052277
NQ,RTH,2.0,26,1.2815415395790575,0.15594971269791152,1.125591826881146,0.12168915940807948
NQ,RTH,2.0,27,1.2968302296562657,0.15594971269791152,1.1408805169583542,0.12025453226768713
NQ,RTH,2.0,28,1.3252891938325888,0.15594971269791152,1.1693394811346773,0.11767221329778017
NQ,RTH,2.0,29,1.3106978766315993,0.15594971269791152,1.1547481639336878,0.11898219679632902
NQ,RTH,2.0,30,1.3216479349444694,0.15594971269791152,1.165698222246558,0.11799641082514455
NQ,RTH,2.0,31,1.3239834634349446,0.15594971269791152,1.168033750737033,0.11778826322597366
NQ,RTH,2.0,32,1.3382202402301084,0.15594971269791152,1.182270527532197,0.11653516215768475
NQ,RTH,2.0,33,1.3673262813243379,0.15594971269791152,1.2113765686264264,0.11405449805796523
NQ,RTH,2.0,34,1.3822082509871407,0.15594971269791152,1.2262585382892293,0.11282649527416429
NQ,RTH,2.0,35,1.3628348444788498,0.15594971269791152,1.2068851317809384,0.11443038261730601
NQ,RTH,2.0,36,1.3633288527016185,0.15594971269791152,1.207379140003707,0.11438891826346688
NQ,RTH,2.0,37,1.3948837952846003,0.15594971269791152,1.2389340825866888,0.11180122188321276
NQ,RTH,2.0,38,1.4216168154702091,0.15594971269791152,1.2656671027722977,0.10969883797155996
NQ,RTH,2.0,39,1.4093998916828607,0.15594971269791152,1.2534501789849493,0.11064972660931842
NQ,RTH,2.0,40,1.4271663555391092,0.15594971269791152,1.2712166428411977,0.10927227375606247
