root,geom,H,M,sigma_w,implied_rq_rv2,measured_rq_rv2,constant_vol_value,abs_discrepancy,prop_discrepancy,sd_log_within_window_var,is_calibration_point
ES,GLOBEX,0.05,5,2.3032048768699176,0.7704092337283219,0.847129137080731,1.0,-0.07671990335240908,-0.0905645904434258,1.5196430035791009,False
ES,GLOBEX,0.05,6,2.3032048768699176,0.8456856658959717,0.9174240776835184,1.0,-0.0717384117875467,-0.07819547527974746,1.5196430035791009,False
ES,GLOBEX,0.05,10,2.3032048768699176,1.0252006548273576,1.11195818277626,1.0,-0.08675752794890235,-0.07802229372717251,1.5196430035791009,False
ES,GLOBEX,0.05,12,2.3032048768699176,1.1056864896097152,1.2017392204444188,1.0,-0.09605273083470367,-0.0799280985430284,1.5196430035791009,False
ES,GLOBEX,0.05,23,2.3032048768699176,1.393729392044263,1.5389756758647803,1.0,-0.1452462838205173,-0.09437854418257818,1.5196430035791009,False
ES,GLOBEX,0.05,46,2.3032048768699176,1.7736098625891838,1.9310404331398572,1.0,-0.15743057055067333,-0.081526294244752,1.5196430035791009,False
ES,GLOBEX,0.05,138,2.3032048768699176,2.3588388919190004,2.5830500178398483,1.0,-0.2242111259208479,-0.08680092308407994,1.5196430035791009,False
ES,GLOBEX,0.05,276,2.3032048768699176,3.0435091673018606,3.0435090492344745,1.0,1.1806738609010381e-07,3.8793177337126394e-08,1.5196430035791009,True
ES,GLOBEX,0.05,345,2.3032048768699176,3.442298756657507,3.1225930177913095,1.0,0.31970573886619746,0.10238469664302707,1.5196430035791009,False
ES,GLOBEX,0.05,1379,2.3032048768699176,7.488339790672273,4.343470450944951,1.0,3.1448693397273226,0.7240452940213131,1.5196430035791009,False
ES,GLOBEX,0.1,5,2.2799829635322095,0.7783770398749317,0.847129137080731,1.0,-0.06875209720579933,-0.0811589333861471,1.3951145969469423,False
ES,GLOBEX,0.1,6,2.2799829635322095,0.85389356028798,0.9174240776835184,1.0,-0.06353051739553839,-0.06924880100809205,1.3951145969469423,False
ES,GLOBEX,0.1,10,2.2799829635322095,1.055656876520491,1.11195818277626,1.0,-0.0563013062557689,-0.050632575152421366,1.3951145969469423,False
ES,GLOBEX,0.1,12,2.2799829635322095,1.1180938599629604,1.2017392204444188,1.0,-0.08364536048145843,-0.06960358708316539,1.3951145969469423,False
ES,GLOBEX,0.1,23,2.2799829635322095,1.4531581596962602,1.5389756758647803,1.0,-0.08581751616852018,-0.05576275019440946,1.3951145969469423,False
ES,GLOBEX,0.1,46,2.2799829635322095,1.8147187839080385,1.9310404331398572,1.0,-0.11632164923181865,-0.06023781130397177,1.3951145969469423,False
ES,GLOBEX,0.1,138,2.2799829635322095,2.5971535347800883,2.5830500178398483,1.0,0.014103516940239924,0.005460024716065881,1.3951145969469423,False
ES,GLOBEX,0.1,276,2.2799829635322095,3.0435094206323594,3.0435090492344745,1.0,3.713978848907118e-07,1.2202949917217154e-07,1.3951145969469423,True
ES,GLOBEX,0.1,345,2.2799829635322095,3.412017714181454,3.1225930177913095,1.0,0.28942469639014456,0.09268729377831697,1.3951145969469423,False
ES,GLOBEX,0.1,1379,2.2799829635322095,5.184256643690913,4.343470450944951,1.0,0.8407861927459628,0.1935747467933262,1.3951145969469423,False
ES,GLOBEX,0.2,5,2.6065675798952577,0.8251583108841689,0.847129137080731,1.0,-0.0219708261965621,-0.025935628034558178,1.3767942054293496,False
ES,GLOBEX,0.2,6,2.6065675798952577,0.8870129600296844,0.9174240776835184,1.0,-0.030411117653833974,-0.03314837531910164,1.3767942054293496,False
ES,GLOBEX,0.2,10,2.6065675798952577,1.1582720096772727,1.11195818277626,1.0,0.04631382690101282,0.041650691202595125,1.3767942054293496,False
ES,GLOBEX,0.2,12,2.6065675798952577,1.2038231402828206,1.2017392204444188,1.0,0.0020839198384017266,0.001734086566327564,1.3767942054293496,False
ES,GLOBEX,0.2,23,2.6065675798952577,1.5979199065186334,1.5389756758647803,1.0,0.058944230653853014,0.03830095015681856,1.3767942054293496,False
ES,GLOBEX,0.2,46,2.6065675798952577,2.045578830815897,1.9310404331398572,1.0,0.11453839767603968,0.0593143445939146,1.3767942054293496,False
ES,GLOBEX,0.2,138,2.6065675798952577,2.642920075245048,2.5830500178398483,1.0,0.059870057405199795,0.023178048040768395,1.3767942054293496,False
ES,GLOBEX,0.2,276,2.6065675798952577,3.0435088749170642,3.0435090492344745,1.0,-1.743174102841749e-07,-5.727514107434217e-08,1.3767942054293496,True
ES,GLOBEX,0.2,345,2.6065675798952577,3.09020314696032,3.1225930177913095,1.0,-0.03238987083098932,-0.010372748112368324,1.3767942054293496,False
ES,GLOBEX,0.2,1379,2.6065675798952577,4.0349834078943445,4.343470450944951,1.0,-0.30848704305060615,-0.07102317064997943,1.3767942054293496,False
ES,GLOBEX,0.3,5,2.9202926112115386,0.8738822877177216,0.847129137080731,1.0,0.026753150636990575,0.031580959107585294,1.3678236878797532,False
ES,GLOBEX,0.3,6,2.9202926112115386,0.9308879265465745,0.9174240776835184,1.0,0.013463848863056072,0.014675709075623988,1.3678236878797532,False
ES,GLOBEX,0.3,10,2.9202926112115386,1.2188713196582275,1.11195818277626,1.0,0.10691313688196757,0.09614852297325993,1.3678236878797532,False
ES,GLOBEX,0.3,12,2.9202926112115386,1.3097750485384636,1.2017392204444188,1.0,0.10803582809404477,0.08989956078332173,1.3678236878797532,False
ES,GLOBEX,0.3,23,2.9202926112115386,1.7300937240247756,1.5389756758647803,1.0,0.19111804815999522,0.12418522992743353,1.3678236878797532,False
ES,GLOBEX,0.3,46,2.9202926112115386,2.2051309409972943,1.9310404331398572,1.0,0.27409050785743716,0.14193928990485616,1.3678236878797532,False
ES,GLOBEX,0.3,138,2.9202926112115386,2.8298128465156513,2.5830500178398483,1.0,0.24676282867580301,0.09553157196784201,1.3678236878797532,False
ES,GLOBEX,0.3,276,2.9202926112115386,3.0435091496385973,3.0435090492344745,1.0,1.0040412279366251e-07,3.298959239117494e-08,1.3678236878797532,True
ES,GLOBEX,0.3,345,2.9202926112115386,3.130709178346004,3.1225930177913095,1.0,0.008116160554694662,0.0025991733499857173,1.3678236878797532,False
ES,GLOBEX,0.3,1379,2.9202926112115386,3.4444708792756558,4.343470450944951,1.0,-0.8989995716692949,-0.2069772505241083,1.3678236878797532,False
ES,GLOBEX,0.45,5,3.602184229880572,0.9197038194154439,0.847129137080731,1.0,0.07257468233471287,0.08567133292665452,1.4773766029449533,False
ES,GLOBEX,0.45,6,3.602184229880572,1.0115668935280147,0.9174240776835184,1.0,0.09414281584449624,0.10261646509453448,1.4773766029449533,False
ES,GLOBEX,0.45,10,3.602184229880572,1.3107590451458202,1.11195818277626,1.0,0.1988008623695603,0.17878447719428459,1.4773766029449533,False
ES,GLOBEX,0.45,12,3.602184229880572,1.3945545702286506,1.2017392204444188,1.0,0.19281534978423176,0.16044691435877922,1.4773766029449533,False
ES,GLOBEX,0.45,23,3.602184229880572,1.7620544827848363,1.5389756758647803,1.0,0.223078806920056,0.14495278282725543,1.4773766029449533,False
ES,GLOBEX,0.45,46,3.602184229880572,2.1925889417471893,1.9310404331398572,1.0,0.26154850860733214,0.1354443460213084,1.4773766029449533,False
ES,GLOBEX,0.45,138,3.602184229880572,2.8164196939301305,2.5830500178398483,1.0,0.23336967609028214,0.0903465571624682,1.4773766029449533,False
ES,GLOBEX,0.45,276,3.602184229880572,3.043509115337198,3.0435090492344745,1.0,6.61027232951028e-08,2.1719246401374903e-08,1.4773766029449533,True
ES,GLOBEX,0.45,345,3.602184229880572,3.096078743901877,3.1225930177913095,1.0,-0.026514273889432616,-0.008491107787138685,1.4773766029449533,False
ES,GLOBEX,0.45,1379,3.602184229880572,3.221509219228521,4.343470450944951,1.0,-1.1219612317164298,-0.258309857149446,1.4773766029449533,False
ES,GLOBEX,0.5,5,3.980572263628244,0.9166062470710895,0.847129137080731,1.0,0.0694771099903585,0.08201478021377206,1.4794682644798482,False
ES,GLOBEX,0.5,6,3.980572263628244,1.0197038307900066,0.9174240776835184,1.0,0.10227975310648818,0.1114857954946451,1.4794682644798482,False
ES,GLOBEX,0.5,10,3.980572263628244,1.2859409387858054,1.11195818277626,1.0,0.1739827560095455,0.15646519689720484,1.4794682644798482,False
ES,GLOBEX,0.5,12,3.980572263628244,1.3787073478942227,1.2017392204444188,1.0,0.17696812744980384,0.14726000819408958,1.4794682644798482,False
ES,GLOBEX,0.5,23,3.980572263628244,1.8100707427715816,1.5389756758647803,1.0,0.2710950669068013,0.17615292506456792,1.4794682644798482,False
ES,GLOBEX,0.5,46,3.980572263628244,2.1988023805201635,1.9310404331398572,1.0,0.26776194738030634,0.13866200975653697,1.4794682644798482,False
ES,GLOBEX,0.5,138,3.980572263628244,2.6815067151477785,2.5830500178398483,1.0,0.09845669730793016,0.03811645017631804,1.4794682644798482,False
ES,GLOBEX,0.5,276,3.980572263628244,3.0435090418491306,3.0435090492344745,1.0,-7.385343891996854e-09,-2.4265884857044284e-09,1.4794682644798482,True
ES,GLOBEX,0.5,345,3.980572263628244,3.0938796705839575,3.1225930177913095,1.0,-0.02871334720735197,-0.00919535368322244,1.4794682644798482,False
ES,GLOBEX,0.5,1379,3.980572263628244,3.2388539890205768,4.343470450944951,1.0,-1.104616461924374,-0.2543165596266592,1.4794682644798482,False
NQ,GLOBEX,0.05,5,2.5903979854285715,0.772455393675148,0.8624008734817927,1.0,-0.08994547980664469,-0.10429660100355131,1.7166599193644658,False
NQ,GLOBEX,0.05,6,2.5903979854285715,0.8454152109792662,0.938664361063099,1.0,-0.09324915008383283,-0.09934237833235948,1.7166599193644658,False
NQ,GLOBEX,0.05,10,2.5903979854285715,1.049018140899082,1.1590570205149535,1.0,-0.11003887961587155,-0.0949382797120566,1.7166599193644658,False
NQ,GLOBEX,0.05,12,2.5903979854285715,1.1218119997054519,1.2895252654029532,1.0,-0.16771326569750133,-0.13005814635597235,1.7166599193644658,False
NQ,GLOBEX,0.05,23,2.5903979854285715,1.4377764083237974,1.6554942825174754,1.0,-0.21771787419367805,-0.13151230813228731,1.7166599193644658,False
NQ,GLOBEX,0.05,46,2.5903979854285715,1.7865623498316712,2.202413823965541,1.0,-0.4158514741338699,-0.1888162295426894,1.7166599193644658,False
NQ,GLOBEX,0.05,138,2.5903979854285715,2.645298525980587,3.0305424483172274,1.0,-0.3852439223366404,-0.12712045084554258,1.7166599193644658,False
NQ,GLOBEX,0.05,276,2.5903979854285715,3.606698158178144,3.606698088553108,1.0,6.96250359588646e-08,1.9304370546535665e-08,1.7166599193644658,True
NQ,GLOBEX,0.05,345,2.5903979854285715,4.024549639982684,3.7415162701222937,1.0,0.2830333698603904,0.07564670294782361,1.7166599193644658,False
NQ,GLOBEX,0.05,1379,2.5903979854285715,10.113183819773555,5.519786828741501,1.0,4.593396991032054,0.8321692727542049,1.7166599193644658,False
NQ,GLOBEX,0.1,5,2.5517459287941455,0.8160449781853194,0.8624008734817927,1.0,-0.046355895296473326,-0.05375214325713695,1.5518894316076126,False
NQ,GLOBEX,0.1,6,2.5517459287941455,0.8805000875857837,0.938664361063099,1.0,-0.05816427347731534,-0.06196493218453558,1.5518894316076126,False
NQ,GLOBEX,0.1,10,2.5517459287941455,1.1242474113994638,1.1590570205149535,1.0,-0.03480960911548969,-0.030032697701122824,1.5518894316076126,False
NQ,GLOBEX,0.1,12,2.5517459287941455,1.1879605033200848,1.2895252654029532,1.0,-0.10156476208286835,-0.07876135877890789,1.5518894316076126,False
NQ,GLOBEX,0.1,23,2.5517459287941455,1.4922759995917545,1.6554942825174754,1.0,-0.16321828292572094,-0.09859187352644816,1.5518894316076126,False
NQ,GLOBEX,0.1,46,2.5517459287941455,1.9892380629421331,2.202413823965541,1.0,-0.21317576102340796,-0.09679187385392263,1.5518894316076126,False
NQ,GLOBEX,0.1,138,2.5517459287941455,2.9318938779236507,3.0305424483172274,1.0,-0.09864857039357666,-0.03255145640621315,1.5518894316076126,False
NQ,GLOBEX,0.1,276,2.5517459287941455,3.6066976484395026,3.606698088553108,1.0,-4.4011360555984425e-07,-1.2202673882466541e-07,1.5518894316076126,True
NQ,GLOBEX,0.1,345,2.5517459287941455,3.927448824761364,3.7415162701222937,1.0,0.18593255463907044,0.049694439691155834,1.5518894316076126,False
NQ,GLOBEX,0.1,1379,2.5517459287941455,6.712615223892313,5.519786828741501,1.0,1.192828395150812,0.2161004459338467,1.5518894316076126,False
NQ,GLOBEX,0.2,5,2.88187941017747,0.8781490262460433,0.8624008734817927,1.0,0.015748152764250567,0.018260826546557363,1.5390278076039976,False
NQ,GLOBEX,0.2,6,2.88187941017747,0.9792416453831746,0.938664361063099,1.0,0.04057728432007557,0.04322874714676406,1.5390278076039976,False
NQ,GLOBEX,0.2,10,2.88187941017747,1.2211120929381276,1.1590570205149535,1.0,0.062055072423174096,0.053539274880198606,1.5390278076039976,False
NQ,GLOBEX,0.2,12,2.88187941017747,1.3433776808936602,1.2895252654029532,1.0,0.05385241549070696,0.04176142719768983,1.5390278076039976,False
NQ,GLOBEX,0.2,23,2.88187941017747,1.7262507233295172,1.6554942825174754,1.0,0.0707564408120418,0.0427403715973238,1.5390278076039976,False
NQ,GLOBEX,0.2,46,2.88187941017747,2.2914864074584793,2.202413823965541,1.0,0.08907258349293823,0.040443164006553234,1.5390278076039976,False
NQ,GLOBEX,0.2,138,2.88187941017747,3.0568994615681073,3.0305424483172274,1.0,0.026357013250879913,0.008697127230643309,1.5390278076039976,False
NQ,GLOBEX,0.2,276,2.88187941017747,3.6066983553077874,3.606698088553108,1.0,2.6675467923453766e-07,7.396091183942133e-08,1.5390278076039976,True
NQ,GLOBEX,0.2,345,2.88187941017747,3.960333872268357,3.7415162701222937,1.0,0.21881760214606327,0.05848366981413955,1.5390278076039976,False
NQ,GLOBEX,0.2,1379,2.88187941017747,5.05963514300935,5.519786828741501,1.0,-0.4601516857321508,-0.08336403198329023,1.5390278076039976,False
NQ,GLOBEX,0.3,5,3.3582282758057116,0.8761496036791492,0.8624008734817927,1.0,0.013748730197356451,0.015942388998109847,1.6034751126993312,False
NQ,GLOBEX,0.3,6,3.3582282758057116,0.9714491810365685,0.938664361063099,1.0,0.03278481997346949,0.034927095704729405,1.6034751126993312,False
NQ,GLOBEX,0.3,10,3.3582282758057116,1.2733878806110455,1.1590570205149535,1.0,0.11433086009609195,0.09864127309741533,1.6034751126993312,False
NQ,GLOBEX,0.3,12,3.3582282758057116,1.3874562600419649,1.2895252654029532,1.0,0.09793099463901167,0.07594344776828388,1.6034751126993312,False
NQ,GLOBEX,0.3,23,3.3582282758057116,1.8250668371931997,1.6554942825174754,1.0,0.1695725546757243,0.10243016630529156,1.6034751126993312,False
NQ,GLOBEX,0.3,46,3.3582282758057116,2.3506878129185087,2.202413823965541,1.0,0.14827398895296762,0.06732340096103906,1.6034751126993312,False
NQ,GLOBEX,0.3,138,3.3582282758057116,3.0880398301379346,3.0305424483172274,1.0,0.05749738182070718,0.01897263701177776,1.6034751126993312,False
NQ,GLOBEX,0.3,276,3.3582282758057116,3.6066978804079657,3.606698088553108,1.0,-2.081451424551517e-07,-5.771071975857467e-08,1.6034751126993312,True
NQ,GLOBEX,0.3,345,3.3582282758057116,3.7385873430358036,3.7415162701222937,1.0,-0.002928927086490063,-0.0007828182146042417,1.6034751126993312,False
NQ,GLOBEX,0.3,1379,3.3582282758057116,4.419670133567546,5.519786828741501,1.0,-1.1001166951739547,-0.19930419947481537,1.6034751126993312,False
NQ,GLOBEX,0.45,5,4.465884292930365,0.8943011598457243,0.8624008734817927,1.0,0.03190028636393161,0.03699009050760793,1.7877263988347472,False
NQ,GLOBEX,0.45,6,4.465884292930365,1.019106819641004,0.938664361063099,1.0,0.080442458577905,0.0856988524490252,1.7877263988347472,False
NQ,GLOBEX,0.45,10,4.465884292930365,1.278637572904508,1.1590570205149535,1.0,0.11958055238955456,0.10317055181325463,1.7877263988347472,False
NQ,GLOBEX,0.45,12,4.465884292930365,1.4397637367246319,1.2895252654029532,1.0,0.15023847132167867,0.11650680708045824,1.7877263988347472,False
NQ,GLOBEX,0.45,23,4.465884292930365,1.8249658008809786,1.6554942825174754,1.0,0.16947151836350316,0.10236913540153791,1.7877263988347472,False
NQ,GLOBEX,0.45,46,4.465884292930365,2.4073321777125596,2.202413823965541,1.0,0.2049183537470185,0.09304262056349355,1.7877263988347472,False
NQ,GLOBEX,0.45,138,4.465884292930365,3.301542178552635,3.0305424483172274,1.0,0.27099973023540747,0.08942284586242488,1.7877263988347472,False
NQ,GLOBEX,0.45,276,4.465884292930365,3.6066982385691677,3.606698088553108,1.0,1.5001605957465358e-07,4.159373911960529e-08,1.7877263988347472,True
NQ,GLOBEX,0.45,345,4.465884292930365,3.8127218030139214,3.7415162701222937,1.0,0.07120553289162768,0.01903119691346422,1.7877263988347472,False
NQ,GLOBEX,0.45,1379,4.465884292930365,4.02066944150619,5.519786828741501,1.0,-1.4991173872353114,-0.2715897250649998,1.7877263988347472,False
NQ,GLOBEX,0.5,5,4.804715622335673,0.9772248967778523,0.8624008734817927,1.0,0.11482402329605956,0.1331446045879774,1.8029467751251307,False
NQ,GLOBEX,0.5,6,4.804715622335673,1.0761226860099418,0.938664361063099,1.0,0.13745832494684274,0.14644033655561617,1.8029467751251307,False
NQ,GLOBEX,0.5,10,4.804715622335673,1.4301523888369578,1.1590570205149535,1.0,0.2710953683220043,0.23389303849914156,1.8029467751251307,False
NQ,GLOBEX,0.5,12,4.804715622335673,1.546535910407444,1.2895252654029532,1.0,0.2570106450044909,0.199306405155373,1.8029467751251307,False
NQ,GLOBEX,0.5,23,4.804715622335673,2.056332122399732,1.6554942825174754,1.0,0.4008378398822565,0.24212577724684792,1.8029467751251307,False
NQ,GLOBEX,0.5,46,4.804715622335673,2.7083901446755316,2.202413823965541,1.0,0.5059763207099905,0.2297371707370408,1.8029467751251307,False
NQ,GLOBEX,0.5,138,4.804715622335673,3.305936853624254,3.0305424483172274,1.0,0.2753944053070265,0.09087297406441053,1.8029467751251307,False
NQ,GLOBEX,0.5,276,4.804715622335673,3.606697943352159,3.606698088553108,1.0,-1.4520094904213465e-07,-4.025869237977986e-08,1.8029467751251307,True
NQ,GLOBEX,0.5,345,4.804715622335673,3.6103111975857107,3.7415162701222937,1.0,-0.13120507253658298,-0.03506735319696863,1.8029467751251307,False
NQ,GLOBEX,0.5,1379,4.804715622335673,3.961830483969586,5.519786828741501,1.0,-1.557956344771915,-0.2822493681566912,1.8029467751251307,False
ES,RTH,0.05,5,1.650273784607649,0.761207286139366,0.7638973463386984,1.0,-0.002690060199332489,-0.0035214943633797846,1.0723729647113518,False
ES,RTH,0.05,6,1.650273784607649,0.8003018465475077,0.8127350736684258,1.0,-0.0124332271209181,-0.015298007338108932,1.0723729647113518,False
ES,RTH,0.05,10,1.650273784607649,0.9264548531688334,0.9489043642702568,1.0,-0.02244951110142346,-0.023658349509950827,1.0723729647113518,False
ES,RTH,0.05,13,1.650273784607649,1.0088212911424592,1.0226997230727517,1.0,-0.013878431930292479,-0.013570387883350632,1.0723729647113518,False
ES,RTH,0.05,26,1.650273784607649,1.1682297888664792,1.2006506074244323,1.0,-0.03242081855795309,-0.027002708662681174,1.0723729647113518,False
ES,RTH,0.05,78,1.650273784607649,1.506036777684917,1.5060366662142837,1.0,1.114706333904536e-07,7.40158827561288e-08,1.0723729647113518,True
ES,RTH,0.05,195,1.650273784607649,2.059980714068887,1.7512306323795346,1.0,0.3087500816893525,0.1763046374250714,1.0723729647113518,False
ES,RTH,0.05,389,1.650273784607649,2.7427930938944813,1.9283603774237197,1.0,0.8144327164707617,0.42234466441321517,1.0723729647113518,False
ES,RTH,0.1,5,1.495183198481798,0.7500883131450804,0.7638973463386984,1.0,-0.013809033193618037,-0.018077079675435037,0.909996273923611,False
ES,RTH,0.1,6,1.495183198481798,0.7889944626835651,0.8127350736684258,1.0,-0.02374061098486069,-0.02921076222009611,0.909996273923611,False
ES,RTH,0.1,10,1.495183198481798,0.9342088196092582,0.9489043642702568,1.0,-0.01469554466099865,-0.015486855382207065,0.909996273923611,False
ES,RTH,0.1,13,1.495183198481798,1.0332552054339508,1.0226997230727517,1.0,0.010555482361199076,0.010321194113052767,0.909996273923611,False
ES,RTH,0.1,26,1.495183198481798,1.238035219851022,1.2006506074244323,1.0,0.03738461242658975,0.031136962073242236,0.909996273923611,False
ES,RTH,0.1,78,1.495183198481798,1.5060366148692095,1.5060366662142837,1.0,-5.13450741923549e-08,-3.409284465849538e-08,0.909996273923611,True
ES,RTH,0.1,195,1.495183198481798,1.7862881038433165,1.7512306323795346,1.0,0.03505747146378191,0.020018763271715034,0.909996273923611,False
ES,RTH,0.1,389,1.495183198481798,2.102710598365173,1.9283603774237197,1.0,0.17435022094145336,0.0904137125936928,0.909996273923611,False
ES,RTH,0.2,5,1.6030905067622665,0.7460911783168336,0.7638973463386984,1.0,-0.017806168021864854,-0.023309634608901897,0.8410883609141194,False
ES,RTH,0.2,6,1.6030905067622665,0.8065122798379641,0.8127350736684258,1.0,-0.006222793830461648,-0.007656607955128569,0.8410883609141194,False
ES,RTH,0.2,10,1.6030905067622665,0.9360083459171941,0.9489043642702568,1.0,-0.012896018353062755,-0.013590430014493893,0.8410883609141194,False
ES,RTH,0.2,13,1.6030905067622665,1.0370872865641472,1.0226997230727517,1.0,0.014387563491395472,0.01406821882005338,0.8410883609141194,False
ES,RTH,0.2,26,1.6030905067622665,1.2594330677845957,1.2006506074244323,1.0,0.058782460360163435,0.04895883947975532,0.8410883609141194,False
ES,RTH,0.2,78,1.6030905067622665,1.5060366268218406,1.5060366662142837,1.0,-3.939244308526213e-08,-2.6156363852614106e-08,0.8410883609141194,True
ES,RTH,0.2,195,1.6030905067622665,1.7324837158201303,1.7512306323795346,1.0,-0.018746916559404303,-0.010704995797116368,0.8410883609141194,False
ES,RTH,0.2,389,1.6030905067622665,1.8230274997240077,1.9283603774237197,1.0,-0.105332877699712,-0.054623025308389805,0.8410883609141194,False
ES,RTH,0.3,5,1.696414750963449,0.7860480386684935,0.7638973463386984,1.0,0.022150692329795052,0.028996948917235477,0.8102124398419005,False
ES,RTH,0.3,6,1.696414750963449,0.8468321836647926,0.8127350736684258,1.0,0.03409710999636684,0.041953535784377216,0.8102124398419005,False
ES,RTH,0.3,10,1.696414750963449,0.9896138138482979,0.9489043642702568,1.0,0.040709449578041124,0.04290153055555623,0.8102124398419005,False
ES,RTH,0.3,13,1.696414750963449,1.0712091470944196,1.0226997230727517,1.0,0.04850942402166791,0.047432714537087195,0.8102124398419005,False
ES,RTH,0.3,26,1.696414750963449,1.2411407236142844,1.2006506074244323,1.0,0.0404901161898521,0.03372347953640675,0.8102124398419005,False
ES,RTH,0.3,78,1.696414750963449,1.5060367391571798,1.5060366662142837,1.0,7.294289616766036e-08,4.843367884532768e-08,0.8102124398419005,True
ES,RTH,0.3,195,1.696414750963449,1.6536588378617216,1.7512306323795346,1.0,-0.09757179451781295,-0.055716130539148034,0.8102124398419005,False
ES,RTH,0.3,389,1.696414750963449,1.7319231396847174,1.9283603774237197,1.0,-0.19643723773900224,-0.10186749325426481,0.8102124398419005,False
ES,RTH,0.45,5,1.881388389617205,0.8252133653453315,0.7638973463386984,1.0,0.06131601900663308,0.08026735437754318,0.7644863250526278,False
ES,RTH,0.45,6,1.881388389617205,0.8788525312998423,0.8127350736684258,1.0,0.06611745763141652,0.08135179565092909,0.7644863250526278,False
ES,RTH,0.45,10,1.881388389617205,1.01028110263086,0.9489043642702568,1.0,0.0613767383606032,0.0646816904544476,0.7644863250526278,False
ES,RTH,0.45,13,1.881388389617205,1.0977986184360353,1.0226997230727517,1.0,0.07509889536328362,0.07343200909221448,0.7644863250526278,False
ES,RTH,0.45,26,1.881388389617205,1.2394055691862058,1.2006506074244323,1.0,0.03875496176177351,0.032278301049552205,0.7644863250526278,False
ES,RTH,0.45,78,1.881388389617205,1.5060367228837104,1.5060366662142837,1.0,5.6669426706790205e-08,3.762818523433964e-08,0.7644863250526278,True
ES,RTH,0.45,195,1.881388389617205,1.5850820369265255,1.7512306323795346,1.0,-0.16614859545300908,-0.09487533645254365,0.7644863250526278,False
ES,RTH,0.45,389,1.881388389617205,1.617061195007145,1.9283603774237197,1.0,-0.3112991824165747,-0.16143205702684527,0.7644863250526278,False
ES,RTH,0.5,5,1.9641432735025883,0.807926401279297,0.7638973463386984,1.0,0.04402905494059861,0.057637397422083625,0.7751640954007181,False
ES,RTH,0.5,6,1.9641432735025883,0.861319408802461,0.8127350736684258,1.0,0.04858433513403526,0.05977880948922398,0.7751640954007181,False
ES,RTH,0.5,10,1.9641432735025883,1.0083567279119274,0.9489043642702568,1.0,0.059452363641670614,0.062653693965663,0.7751640954007181,False
ES,RTH,0.5,13,1.9641432735025883,1.0560601430237246,1.0226997230727517,1.0,0.03336041995097294,0.03261995598350209,0.7751640954007181,False
ES,RTH,0.5,26,1.9641432735025883,1.258239694116533,1.2006506074244323,1.0,0.05758908669210072,0.04796490030987255,0.7751640954007181,False
ES,RTH,0.5,78,1.9641432735025883,1.5060366899810549,1.5060366662142837,1.0,2.376677121773696e-08,1.57810042811235e-08,0.7751640954007181,True
ES,RTH,0.5,195,1.9641432735025883,1.5786040757060218,1.7512306323795346,1.0,-0.1726265566735128,-0.09857442730941246,0.7751640954007181,False
ES,RTH,0.5,389,1.9641432735025883,1.6013479304181604,1.9283603774237197,1.0,-0.3270124470055593,-0.16958056742611893,0.7751640954007181,False
NQ,RTH,0.05,5,1.753066794008017,0.7590368115474814,0.784826611801029,1.0,-0.0257898002535476,-0.032860506850506566,1.1522031854742925,False
NQ,RTH,0.05,6,1.753066794008017,0.7829306993170428,0.8378405731299368,1.0,-0.05490987381289392,-0.06553737736496346,1.1522031854742925,False
NQ,RTH,0.05,10,1.753066794008017,0.9229424463554088,0.9818129752257356,1.0,-0.058870528870326844,-0.05996104182346085,1.1522031854742925,False
NQ,RTH,0.05,13,1.753066794008017,0.992506196493187,1.0701824929625985,1.0,-0.07767629646941143,-0.07258229038524,1.1522031854742925,False
NQ,RTH,0.05,26,1.753066794008017,1.210707575008927,1.2879560975565012,1.0,-0.0772485225475743,-0.05997760536568719,1.1522031854742925,False
NQ,RTH,0.05,78,1.753066794008017,1.5856517288532812,1.5856516357311756,1.0,9.312210558221068e-08,5.872797248507311e-08,1.1522031854742925,True
NQ,RTH,0.05,195,1.753066794008017,2.2022199430902036,1.8484377522067843,1.0,0.35378219088341933,0.19139524198802538,1.1522031854742925,False
NQ,RTH,0.05,389,1.753066794008017,2.974965813653132,2.0743921922205244,1.0,0.9005736214326077,0.4341385514320666,1.1522031854742925,False
NQ,RTH,0.1,5,1.6399422071874143,0.7491054426641293,0.784826611801029,1.0,-0.03572116913689971,-0.0455147272018801,1.0036417377167353,False
NQ,RTH,0.1,6,1.6399422071874143,0.8101385399644263,0.8378405731299368,1.0,-0.027702033165510453,-0.03306360906111705,1.0036417377167353,False
NQ,RTH,0.1,10,1.6399422071874143,0.9163794312885412,0.9818129752257356,1.0,-0.06543354393719447,-0.06664562965482324,1.0036417377167353,False
NQ,RTH,0.1,13,1.6399422071874143,1.0189722905304766,1.0701824929625985,1.0,-0.05121020243212193,-0.04785184094196504,1.0036417377167353,False
NQ,RTH,0.1,26,1.6399422071874143,1.246749683610564,1.2879560975565012,1.0,-0.04120641394593716,-0.031993647938864944,1.0036417377167353,False
NQ,RTH,0.1,78,1.6399422071874143,1.5856516956435645,1.5856516357311756,1.0,5.99123888278541e-08,3.778408030896685e-08,1.0036417377167353,True
NQ,RTH,0.1,195,1.6399422071874143,1.977845911844914,1.8484377522067843,1.0,0.1294081596381298,0.07000947664244261,1.0036417377167353,False
NQ,RTH,0.1,389,1.6399422071874143,2.4237827452319083,2.0743921922205244,1.0,0.3493905530113839,0.16843032591507212,1.0036417377167353,False
NQ,RTH,0.2,5,1.6402818970382214,0.7915389865931514,0.784826611801029,1.0,0.006712374792122389,0.008552685002256366,0.8885763799609953,False
NQ,RTH,0.2,6,1.6402818970382214,0.8527169582389809,0.8378405731299368,1.0,0.014876385109044099,0.017755627485871228,0.8885763799609953,False
NQ,RTH,0.2,10,1.6402818970382214,0.9851021688426335,0.9818129752257356,1.0,0.003289193616897834,0.0033501223755385556,0.8885763799609953,False
NQ,RTH,0.2,13,1.6402818970382214,1.0708215461959065,1.0701824929625985,1.0,0.0006390532333080401,0.0005971441670091782,0.8885763799609953,False
NQ,RTH,0.2,26,1.6402818970382214,1.2773443304490362,1.2879560975565012,1.0,-0.010611767107465031,-0.008239230457930624,0.8885763799609953,False
NQ,RTH,0.2,78,1.6402818970382214,1.5856516796571714,1.5856516357311756,1.0,4.39259957296656e-08,2.770217277792142e-08,0.8885763799609953,True
NQ,RTH,0.2,195,1.6402818970382214,1.7864754903156814,1.8484377522067843,1.0,-0.06196226189110288,-0.03352142197762853,0.8885763799609953,False
NQ,RTH,0.2,389,1.6402818970382214,1.8841682297792721,2.0743921922205244,1.0,-0.19022396244125228,-0.09170105978736254,0.8885763799609953,False
NQ,RTH,0.3,5,1.8008003694117072,0.7948791423429685,0.784826611801029,1.0,0.010052530541939553,0.012808600512246748,0.8411028031477792,False
NQ,RTH,0.3,6,1.8008003694117072,0.8558870328848829,0.8378405731299368,1.0,0.01804645975494612,0.021539252614049875,0.8411028031477792,False
NQ,RTH,0.3,10,1.8008003694117072,1.016238589693292,0.9818129752257356,1.0,0.03442561446755632,0.03506331178770705,0.8411028031477792,False
NQ,RTH,0.3,13,1.8008003694117072,1.0903573926532564,1.0701824929625985,1.0,0.020174899690657888,0.01885183118143474,0.8411028031477792,False
NQ,RTH,0.3,26,1.8008003694117072,1.290341114321244,1.2879560975565012,1.0,0.0023850167647427867,0.0018517842100889137,0.8411028031477792,False
NQ,RTH,0.3,78,1.8008003694117072,1.5856515259204291,1.5856516357311756,1.0,-1.098107464958531e-07,-6.92527564183365e-08,0.8411028031477792,True
NQ,RTH,0.3,195,1.8008003694117072,1.7526590264978743,1.8484377522067843,1.0,-0.09577872570891,-0.05181604065084866,0.8411028031477792,False
NQ,RTH,0.3,389,1.8008003694117072,1.7585373211915611,2.0743921922205244,1.0,-0.31585487102896326,-0.15226381598113214,0.8411028031477792,False
NQ,RTH,0.45,5,2.17533488997817,0.810719112561438,0.784826611801029,1.0,0.025892500760409054,0.032991364425055236,0.8511055151008793,False
NQ,RTH,0.45,6,2.17533488997817,0.866758610861919,0.8378405731299368,1.0,0.028918037731982205,0.03451496461188608,0.8511055151008793,False
NQ,RTH,0.45,10,2.17533488997817,1.0011276467291645,0.9818129752257356,1.0,0.019314671503428915,0.019672454928585603,0.8511055151008793,False
NQ,RTH,0.45,13,2.17533488997817,1.0921439979228784,1.0701824929625985,1.0,0.02196150496027993,0.020521271002559294,0.8511055151008793,False
NQ,RTH,0.45,26,2.17533488997817,1.3070882430473325,1.2879560975565012,1.0,0.01913214549083131,0.01485465655788154,0.8511055151008793,False
NQ,RTH,0.45,78,2.17533488997817,1.5856515503319952,1.5856516357311756,1.0,-8.539918039396355e-08,-5.3857466819628996e-08,0.8511055151008793,True
NQ,RTH,0.45,195,2.17533488997817,1.740676731109134,1.8484377522067843,1.0,-0.10776102109765029,-0.05829843118546907,0.8511055151008793,False
NQ,RTH,0.45,389,2.17533488997817,1.8194344663697266,2.0743921922205244,1.0,-0.2549577258507978,-0.12290719508439696,0.8511055151008793,False
NQ,RTH,0.5,5,2.245863799780608,0.8303558302443657,0.784826611801029,1.0,0.04552921844333668,0.05801181784452458,0.8688416840341802,False
NQ,RTH,0.5,6,2.245863799780608,0.8406308724390493,0.8378405731299368,1.0,0.002790299309112565,0.003330346367315107,0.8688416840341802,False
NQ,RTH,0.5,10,2.245863799780608,1.0450868820792423,0.9818129752257356,1.0,0.06327390685350665,0.06444598762708242,0.8688416840341802,False
NQ,RTH,0.5,13,2.245863799780608,1.1093224653190057,1.0701824929625985,1.0,0.039139972356407204,0.036573175709551764,0.8688416840341802,False
NQ,RTH,0.5,26,2.245863799780608,1.4031667926931677,1.2879560975565012,1.0,0.11521069513666649,0.08945234651650247,0.8688416840341802,False
NQ,RTH,0.5,78,2.245863799780608,1.5856516008662822,1.5856516357311756,1.0,-3.486489341675281e-08,-2.1987738407780455e-08,0.8688416840341802,True
NQ,RTH,0.5,195,2.245863799780608,1.6997144485250681,1.8484377522067843,1.0,-0.14872330368171616,-0.08045891916249859,0.8688416840341802,False
NQ,RTH,0.5,389,2.245863799780608,1.7852269335409578,2.0743921922205244,1.0,-0.28916525867956655,-0.1393975834290192,0.8688416840341802,False
