root,geom,btag,horizon,M,estimator,lam,var_log_rv,in_unit,n_windows,mean_eff_M,share_full_M
ES,GLOBEX,B0,1day,5,E2,1.110793976920714,2.023316946343081,False,1953,4.998463901689708,0.9984639016897081
ES,GLOBEX,B0,1day,5,E4,0.9986488297440456,2.023316946343081,True,1953,4.998463901689708,0.9984639016897081
ES,GLOBEX,B0,1day,6,E2,0.6311869932012967,2.050281074184577,True,1953,5.972350230414746,0.9733742959549411
ES,GLOBEX,B0,1day,6,E4,0.9987997196095035,2.050281074184577,True,1953,5.972350230414746,0.9733742959549411
ES,GLOBEX,B0,1day,10,E2,0.7003727401136092,1.708196859425972,True,1953,9.96979006656426,0.9728622631848438
ES,GLOBEX,B0,1day,10,E4,0.8939085584982981,1.708196859425972,True,1953,9.96979006656426,0.9728622631848438
ES,GLOBEX,B0,1day,12,E2,0.7244037469703767,1.6972763586777508,True,1953,11.943164362519202,0.9723502304147466
ES,GLOBEX,B0,1day,12,E4,0.9042704223016581,1.6972763586777508,True,1953,11.943164362519202,0.9723502304147466
ES,GLOBEX,B0,1day,23,E2,0.7858933084173252,1.5134912872944053,True,1953,22.8868407578085,0.9723502304147466
ES,GLOBEX,B0,1day,23,E4,0.9324033050880033,1.5134912872944053,True,1953,22.8868407578085,0.9723502304147466
ES,GLOBEX,B0,1day,46,E2,0.8239594697245847,1.420051359269385,True,1953,45.77009728622632,0.9713261648745519
ES,GLOBEX,B0,1day,46,E4,0.9599945515305308,1.420051359269385,True,1953,45.77009728622632,0.9713261648745519
ES,GLOBEX,B0,1day,138,E2,0.8577785223066002,1.3123452370132864,True,1953,136.63184843830004,0.3061955965181772
ES,GLOBEX,B0,1day,138,E4,0.9851879605000888,1.3123452370132864,True,1953,136.63184843830004,0.3061955965181772
ES,GLOBEX,B0,1day,345,E2,0.8615116775333784,1.2207286028355093,True,1953,341.10240655401947,0.30568356374807987
ES,GLOBEX,B0,1day,345,E4,0.9933335021671628,1.2207286028355093,True,1953,341.10240655401947,0.30568356374807987
ES,GLOBEX,B0,1day,1379,E2,0.8455309763227498,1.0427598409404542,True,1953,1354.31592421915,0.2452636968766001
ES,GLOBEX,B0,1day,1379,E4,0.9980157499857758,1.0427598409404542,True,1953,1354.31592421915,0.2452636968766001
ES,GLOBEX,B1,1day,5,E2,2.0493845617704625,2.021453252424886,False,1953,4.998463901689708,0.9984639016897081
ES,GLOBEX,B1,1day,5,E4,0.9993262128653456,2.021453252424886,True,1953,4.998463901689708,0.9984639016897081
ES,GLOBEX,B1,1day,6,E2,0.6274606709083689,2.06148843232169,True,1953,5.972350230414746,0.9733742959549411
ES,GLOBEX,B1,1day,6,E4,0.8842474089043504,2.06148843232169,True,1953,5.972350230414746,0.9733742959549411
ES,GLOBEX,B1,1day,10,E2,0.696094840257528,1.7337375378018842,True,1953,9.96979006656426,0.9728622631848438
ES,GLOBEX,B1,1day,10,E4,0.8930909620446065,1.7337375378018842,True,1953,9.96979006656426,0.9728622631848438
ES,GLOBEX,B1,1day,12,E2,0.7227954156858353,1.7119664871143385,True,1953,11.943164362519202,0.9723502304147466
ES,GLOBEX,B1,1day,12,E4,0.9053333134071908,1.7119664871143385,True,1953,11.943164362519202,0.9723502304147466
ES,GLOBEX,B1,1day,23,E2,0.784598247038028,1.530006551420828,True,1953,22.8868407578085,0.9723502304147466
ES,GLOBEX,B1,1day,23,E4,0.9333692850930547,1.530006551420828,True,1953,22.8868407578085,0.9723502304147466
ES,GLOBEX,B1,1day,46,E2,0.822794504503243,1.430677643039211,True,1953,45.77009728622632,0.9713261648745519
ES,GLOBEX,B1,1day,46,E4,0.9600752347046897,1.430677643039211,True,1953,45.77009728622632,0.9713261648745519
ES,GLOBEX,B1,1day,138,E2,0.8562155472508735,1.3219603553399315,True,1953,136.63184843830004,0.3061955965181772
ES,GLOBEX,B1,1day,138,E4,0.9852879078034243,1.3219603553399315,True,1953,136.63184843830004,0.3061955965181772
ES,GLOBEX,B1,1day,345,E2,0.8602182110962887,1.2268561181217221,True,1953,341.10240655401947,0.30568356374807987
ES,GLOBEX,B1,1day,345,E4,0.9933993540437049,1.2268561181217221,True,1953,341.10240655401947,0.30568356374807987
ES,GLOBEX,B1,1day,1379,E2,0.8444522596248096,1.0459528873508332,True,1953,1354.31592421915,0.2452636968766001
ES,GLOBEX,B1,1day,1379,E4,0.9980312144245638,1.0459528873508332,True,1953,1354.31592421915,0.2452636968766001
NQ,GLOBEX,B0,1day,5,E2,0.5535288524982818,1.9033052380942905,True,1948,4.998459958932238,0.9984599589322382
NQ,GLOBEX,B0,1day,5,E4,0.869045314894022,1.9033052380942905,True,1948,4.998459958932238,0.9984599589322382
NQ,GLOBEX,B0,1day,6,E2,0.6077687263702316,1.9081326509446483,True,1948,5.974845995893224,0.9758726899383984
NQ,GLOBEX,B0,1day,6,E4,0.8701127514156439,1.9081326509446483,True,1948,5.974845995893224,0.9758726899383984
NQ,GLOBEX,B0,1day,10,E2,0.6670736266007047,1.545522232657709,True,1948,9.972279260780287,0.9753593429158111
NQ,GLOBEX,B0,1day,10,E4,0.8821543875195063,1.545522232657709,True,1948,9.972279260780287,0.9753593429158111
NQ,GLOBEX,B0,1day,12,E2,0.6869874006189076,1.5747856372177935,True,1948,11.948151950718685,0.9748459958932238
NQ,GLOBEX,B0,1day,12,E4,0.8952211681806878,1.5747856372177935,True,1948,11.948151950718685,0.9748459958932238
NQ,GLOBEX,B0,1day,23,E2,0.7752883729253708,1.3674167020406913,True,1948,22.89681724845996,0.9748459958932238
NQ,GLOBEX,B0,1day,23,E4,0.9219503963504976,1.3674167020406913,True,1948,22.89681724845996,0.9748459958932238
NQ,GLOBEX,B0,1day,46,E2,0.8197375814676046,1.2827948496947734,True,1948,45.78901437371663,0.9738193018480493
NQ,GLOBEX,B0,1day,46,E4,0.9550978070764585,1.2827948496947734,True,1948,45.78901437371663,0.9738193018480493
NQ,GLOBEX,B0,1day,138,E2,0.8615536992343096,1.1919437612890649,True,1948,136.66273100616016,0.3069815195071869
NQ,GLOBEX,B0,1day,138,E4,0.9828423509087283,1.1919437612890649,True,1948,136.66273100616016,0.3069815195071869
NQ,GLOBEX,B0,1day,345,E2,0.8734467693196297,1.1347262392668884,True,1948,340.5805954825462,0.3069815195071869
NQ,GLOBEX,B0,1day,345,E4,0.9925082242494988,1.1347262392668884,True,1948,340.5805954825462,0.3069815195071869
NQ,GLOBEX,B0,1day,1379,E2,0.8763327212359883,1.075925634987752,True,1948,1343.0764887063656,0.28234086242299794
NQ,GLOBEX,B0,1day,1379,E4,0.9979673357818636,1.075925634987752,True,1948,1343.0764887063656,0.28234086242299794
NQ,GLOBEX,B1,1day,5,E2,0.6527925461262137,1.8991008419126125,True,1948,4.998459958932238,0.9984599589322382
NQ,GLOBEX,B1,1day,5,E4,0.8659499676354974,1.8991008419126125,True,1948,4.998459958932238,0.9984599589322382
NQ,GLOBEX,B1,1day,6,E2,0.6063568282572466,1.9039392747940975,True,1948,5.974845995893224,0.9758726899383984
NQ,GLOBEX,B1,1day,6,E4,0.8740671783609844,1.9039392747940975,True,1948,5.974845995893224,0.9758726899383984
NQ,GLOBEX,B1,1day,10,E2,0.6606312081826432,1.5798749970908172,True,1948,9.972279260780287,0.9753593429158111
NQ,GLOBEX,B1,1day,10,E4,0.884945620905556,1.5798749970908172,True,1948,9.972279260780287,0.9753593429158111
NQ,GLOBEX,B1,1day,12,E2,0.689134299389476,1.5801256324675943,True,1948,11.948151950718685,0.9748459958932238
NQ,GLOBEX,B1,1day,12,E4,0.8961948646798223,1.5801256324675943,True,1948,11.948151950718685,0.9748459958932238
NQ,GLOBEX,B1,1day,23,E2,0.7743826606526728,1.3807825107917022,True,1948,22.89681724845996,0.9748459958932238
NQ,GLOBEX,B1,1day,23,E4,0.9232180948851549,1.3807825107917022,True,1948,22.89681724845996,0.9748459958932238
NQ,GLOBEX,B1,1day,46,E2,0.8204231955649284,1.28983345521619,True,1948,45.78901437371663,0.9738193018480493
NQ,GLOBEX,B1,1day,46,E4,0.9555756498550634,1.28983345521619,True,1948,45.78901437371663,0.9738193018480493
NQ,GLOBEX,B1,1day,138,E2,0.8612766618201638,1.2004166153239344,True,1948,136.66273100616016,0.3069815195071869
NQ,GLOBEX,B1,1day,138,E4,0.9830672187707488,1.2004166153239344,True,1948,136.66273100616016,0.3069815195071869
NQ,GLOBEX,B1,1day,345,E2,0.8725997293902825,1.1390727218053731,True,1948,340.5805954825462,0.3069815195071869
NQ,GLOBEX,B1,1day,345,E4,0.9925995703183076,1.1390727218053731,True,1948,340.5805954825462,0.3069815195071869
NQ,GLOBEX,B1,1day,1379,E2,0.874551540212329,1.080749982400513,True,1948,1343.0764887063656,0.28234086242299794
NQ,GLOBEX,B1,1day,1379,E4,0.9979877899103251,1.080749982400513,True,1948,1343.0764887063656,0.28234086242299794
ES,RTH,B0,1day,5,E2,0.6674569053956986,1.9488508622192238,True,1901,5.0,1.0
ES,RTH,B0,1day,5,E4,0.9987898809130052,1.9488508622192238,True,1901,5.0,1.0
ES,RTH,B0,1day,6,E2,0.7070567530122667,1.8260915595278078,True,1901,6.0,1.0
ES,RTH,B0,1day,6,E4,0.8762862664573361,1.8260915595278078,True,1901,6.0,1.0
ES,RTH,B0,1day,10,E2,0.7964025744051493,1.6040631157317915,True,1901,10.0,1.0
ES,RTH,B0,1day,10,E4,0.900682313272714,1.6040631157317915,True,1901,10.0,1.0
ES,RTH,B0,1day,13,E2,0.8100563833884549,1.5283148259668886,True,1901,13.0,1.0
ES,RTH,B0,1day,13,E4,0.9118447260631064,1.5283148259668886,True,1901,13.0,1.0
ES,RTH,B0,1day,26,E2,0.8618667460988569,1.3813160554355983,True,1901,26.0,1.0
ES,RTH,B0,1day,26,E4,0.9466743434530042,1.3813160554355983,True,1901,26.0,1.0
ES,RTH,B0,1day,78,E2,0.9005703779751143,1.2879430297423513,True,1901,77.99684376643872,0.9984218832193582
ES,RTH,B0,1day,78,E4,0.9794354879174912,1.2879430297423513,True,1901,77.99684376643872,0.9984218832193582
ES,RTH,B0,1day,195,E2,0.9102063914659567,1.1822887198092387,True,1901,194.98947922146237,0.9984218832193582
ES,RTH,B0,1day,195,E4,0.9905107079928765,1.1822887198092387,True,1901,194.98947922146237,0.9984218832193582
ES,RTH,B0,1day,389,E2,0.911645734847303,1.090467395405732,True,1901,388.977906365071,0.9984218832193582
ES,RTH,B0,1day,389,E4,0.9948453111439494,1.090467395405732,True,1901,388.977906365071,0.9984218832193582
ES,RTH,B0,1h,4,E2,2.000991535379179,2.290181392006856,False,11406,4.0,1.0
ES,RTH,B0,1h,4,E4,0.9998813037596884,2.290181392006856,True,11406,4.0,1.0
ES,RTH,B0,1h,5,E2,1.9991876077661606,2.1377636090752703,False,11406,5.0,1.0
ES,RTH,B0,1h,5,E4,0.9998205898237407,2.1377636090752703,True,11406,5.0,1.0
ES,RTH,B0,1h,6,E2,1.2884060231509873,2.0478772170965818,False,11406,5.99982465369104,0.9998246536910398
ES,RTH,B0,1h,6,E4,0.999554905249429,2.0478772170965818,True,11406,5.99982465369104,0.9998246536910398
ES,RTH,B0,1h,10,E2,0.8498677406524652,1.8316367808086953,True,11406,9.9995616342276,0.9997369805365597
ES,RTH,B0,1h,10,E4,0.9986220945339904,1.8316367808086953,True,11406,9.9995616342276,0.9997369805365597
ES,RTH,B0,1h,12,E2,0.8645618737558912,1.7888184172749784,True,11406,11.99947396107312,0.9997369805365597
ES,RTH,B0,1h,12,E4,0.9227328542443578,1.7888184172749784,True,11406,11.99947396107312,0.9997369805365597
ES,RTH,B0,1h,15,E2,0.8708449936254052,1.7090042676361088,True,11406,14.99929861476416,0.9997369805365597
ES,RTH,B0,1h,15,E4,0.9318398191664921,1.7090042676361088,True,11406,14.99929861476416,0.9997369805365597
ES,RTH,B0,1h,20,E2,0.8987169951203806,1.6451706106667912,True,11406,19.99894792214624,0.9997369805365597
ES,RTH,B0,1h,20,E4,0.9451846419725217,1.6451706106667912,True,11406,19.99894792214624,0.9997369805365597
ES,RTH,B0,1h,30,E2,0.9137200319415585,1.5483130471458506,True,11406,29.99833421006488,0.9997369805365597
ES,RTH,B0,1h,30,E4,0.9594569844266996,1.5483130471458506,True,11406,29.99833421006488,0.9997369805365597
ES,RTH,B0,1h,60,E2,0.9308850207198343,1.379757187868818,True,11406,59.99631772751184,0.9997369805365597
ES,RTH,B0,1h,60,E4,0.9763634147783378,1.379757187868818,True,11406,59.99631772751184,0.9997369805365597
ES,RTH,B0,30min,5,E2,2.8513679344295446,2.147580458450691,False,22812,4.9997808171138,0.9998684902682798
ES,RTH,B0,30min,5,E4,0.9999309617057162,2.147580458450691,True,22812,4.9997808171138,0.9998684902682798
ES,RTH,B0,30min,6,E2,1.5500971956739886,2.05985104937167,False,22812,5.99973698053656,0.9998684902682798
ES,RTH,B0,30min,6,E4,0.9998524404358731,2.05985104937167,True,22812,5.99973698053656,0.9998684902682798
ES,RTH,B0,30min,10,E2,0.941316128418579,1.8133454017242416,True,22812,9.99947396107312,0.9998246536910398
ES,RTH,B0,30min,10,E4,0.9995810469714874,1.8133454017242416,True,22812,9.99947396107312,0.9998246536910398
ES,RTH,B0,30min,15,E2,0.7908763355009446,1.6698530817990072,True,22812,14.99916710503244,0.9998246536910398
ES,RTH,B0,30min,15,E4,0.9945328044395927,1.6698530817990072,True,22812,14.99916710503244,0.9998246536910398
ES,RTH,B0,30min,30,E2,0.7917703994735505,1.454255243185988,True,22812,29.99815886375592,0.9998246536910398
ES,RTH,B0,30min,30,E4,0.9989807345567925,1.454255243185988,True,22812,29.99815886375592,0.9998246536910398
ES,RTH,B1,1day,5,E2,0.6829345621878058,1.9710314008648528,True,1901,5.0,1.0
ES,RTH,B1,1day,5,E4,0.998789800057109,1.9710314008648528,True,1901,5.0,1.0
ES,RTH,B1,1day,6,E2,0.7095489499063753,1.8424508958099193,True,1901,6.0,1.0
ES,RTH,B1,1day,6,E4,0.8772415654860083,1.8424508958099193,True,1901,6.0,1.0
ES,RTH,B1,1day,10,E2,0.7970247403170426,1.6110278962617064,True,1901,10.0,1.0
ES,RTH,B1,1day,10,E4,0.9009648830901815,1.6110278962617064,True,1901,10.0,1.0
ES,RTH,B1,1day,13,E2,0.812188394549583,1.5395148336868043,True,1901,13.0,1.0
ES,RTH,B1,1day,13,E4,0.912565318717302,1.5395148336868043,True,1901,13.0,1.0
ES,RTH,B1,1day,26,E2,0.8645778688053366,1.3880367967993927,True,1901,26.0,1.0
ES,RTH,B1,1day,26,E4,0.9470599469918308,1.3880367967993927,True,1901,26.0,1.0
ES,RTH,B1,1day,78,E2,0.9014433754785697,1.2960880100406602,True,1901,77.99684376643872,0.9984218832193582
ES,RTH,B1,1day,78,E4,0.9795864932338894,1.2960880100406602,True,1901,77.99684376643872,0.9984218832193582
ES,RTH,B1,1day,195,E2,0.911420573262332,1.190981052717185,True,1901,194.98947922146237,0.9984218832193582
ES,RTH,B1,1day,195,E4,0.9905243303403031,1.190981052717185,True,1901,194.98947922146237,0.9984218832193582
ES,RTH,B1,1day,389,E2,0.9127468958775105,1.0981016388915237,True,1901,388.977906365071,0.9984218832193582
ES,RTH,B1,1day,389,E4,0.9948615656316039,1.0981016388915237,True,1901,388.977906365071,0.9984218832193582
ES,RTH,B1,1h,4,E2,2.039931547342415,2.2845726849056165,False,11406,4.0,1.0
ES,RTH,B1,1h,4,E4,0.9998863110602728,2.2845726849056165,True,11406,4.0,1.0
ES,RTH,B1,1h,5,E2,1.9847502982656948,2.127739557448313,False,11406,5.0,1.0
ES,RTH,B1,1h,5,E4,0.9998206779286086,2.127739557448313,True,11406,5.0,1.0
ES,RTH,B1,1h,6,E2,1.352675704541269,2.0414584677682206,False,11406,5.99982465369104,0.9998246536910398
ES,RTH,B1,1h,6,E4,0.9995552235065781,2.0414584677682206,True,11406,5.99982465369104,0.9998246536910398
ES,RTH,B1,1h,10,E2,0.8503051236409909,1.8250866361108664,True,11406,9.9995616342276,0.9997369805365597
ES,RTH,B1,1h,10,E4,0.9986226597532692,1.8250866361108664,True,11406,9.9995616342276,0.9997369805365597
ES,RTH,B1,1h,12,E2,0.865037263017823,1.7817495645878152,True,11406,11.99947396107312,0.9997369805365597
ES,RTH,B1,1h,12,E4,0.922444537716129,1.7817495645878152,True,11406,11.99947396107312,0.9997369805365597
ES,RTH,B1,1h,15,E2,0.8705056761502659,1.7023785622563803,True,11406,14.99929861476416,0.9997369805365597
ES,RTH,B1,1h,15,E4,0.9316101827130461,1.7023785622563803,True,11406,14.99929861476416,0.9997369805365597
ES,RTH,B1,1h,20,E2,0.8990729444105992,1.6386124544707779,True,11406,19.99894792214624,0.9997369805365597
ES,RTH,B1,1h,20,E4,0.9450034463599278,1.6386124544707779,True,11406,19.99894792214624,0.9997369805365597
ES,RTH,B1,1h,30,E2,0.9145026422610227,1.5414339169270848,True,11406,29.99833421006488,0.9997369805365597
ES,RTH,B1,1h,30,E4,0.9592853389396478,1.5414339169270848,True,11406,29.99833421006488,0.9997369805365597
ES,RTH,B1,1h,60,E2,0.9316287078116872,1.3740080612538783,True,11406,59.99631772751184,0.9997369805365597
ES,RTH,B1,1h,60,E4,0.9762041724563977,1.3740080612538783,True,11406,59.99631772751184,0.9997369805365597
ES,RTH,B1,30min,5,E2,2.873717388748418,2.139881207096338,False,22812,4.9997808171138,0.9998684902682798
ES,RTH,B1,30min,5,E4,0.9999309634565786,2.139881207096338,True,22812,4.9997808171138,0.9998684902682798
ES,RTH,B1,30min,6,E2,1.5426659104578317,2.0515619337009037,False,22812,5.99973698053656,0.9998684902682798
ES,RTH,B1,30min,6,E4,0.9998525022999103,2.0515619337009037,True,22812,5.99973698053656,0.9998684902682798
ES,RTH,B1,30min,10,E2,0.9411093482191601,1.8059333219298124,True,22812,9.99947396107312,0.9998246536910398
ES,RTH,B1,30min,10,E4,0.9995810177654778,1.8059333219298124,True,22812,9.99947396107312,0.9998246536910398
ES,RTH,B1,30min,15,E2,0.7898482105135092,1.6621180823982291,True,22812,14.99916710503244,0.9998246536910398
ES,RTH,B1,30min,15,E4,0.9945279839480269,1.6621180823982291,True,22812,14.99916710503244,0.9998246536910398
ES,RTH,B1,30min,30,E2,0.7911741771303851,1.4479300821121215,True,22812,29.99815886375592,0.9998246536910398
ES,RTH,B1,30min,30,E4,0.998978434296922,1.4479300821121215,True,22812,29.99815886375592,0.9998246536910398
NQ,RTH,B0,1day,5,E2,0.8454808654241617,1.8163782746876298,True,1901,5.0,1.0
NQ,RTH,B0,1day,5,E4,0.872166142643843,1.8163782746876298,True,1901,5.0,1.0
NQ,RTH,B0,1day,6,E2,0.6899579705162474,1.663586383510003,True,1901,6.0,1.0
NQ,RTH,B0,1day,6,E4,0.8627659485677142,1.663586383510003,True,1901,6.0,1.0
NQ,RTH,B0,1day,10,E2,0.7741087098471927,1.4517097176797054,True,1901,10.0,1.0
NQ,RTH,B0,1day,10,E4,0.8887882920858898,1.4517097176797054,True,1901,10.0,1.0
NQ,RTH,B0,1day,13,E2,0.7929189213858929,1.3351090740917526,True,1901,13.0,1.0
NQ,RTH,B0,1day,13,E4,0.9008694978954235,1.3351090740917526,True,1901,13.0,1.0
NQ,RTH,B0,1day,26,E2,0.856023084306328,1.2051036307441039,True,1901,26.0,1.0
NQ,RTH,B0,1day,26,E4,0.9377892705439802,1.2051036307441039,True,1901,26.0,1.0
NQ,RTH,B0,1day,78,E2,0.909407778455947,1.1349450880328027,True,1901,77.99684376643872,0.9984218832193582
NQ,RTH,B0,1day,78,E4,0.9762906374505934,1.1349450880328027,True,1901,77.99684376643872,0.9984218832193582
NQ,RTH,B0,1day,195,E2,0.9305902861534283,1.080826877393913,True,1901,194.98947922146237,0.9984218832193582
NQ,RTH,B0,1day,195,E4,0.9896467678027264,1.080826877393913,True,1901,194.98947922146237,0.9984218832193582
NQ,RTH,B0,1day,389,E2,0.934437050707514,1.0468256676780079,True,1901,388.97685428721724,0.9984218832193582
NQ,RTH,B0,1day,389,E4,0.9946217617849026,1.0468256676780079,True,1901,388.97685428721724,0.9984218832193582
NQ,RTH,B0,1h,4,E2,0.8177201086808326,2.242931446212441,True,11406,4.0,1.0
NQ,RTH,B0,1h,4,E4,0.9989686493873401,2.242931446212441,True,11406,4.0,1.0
NQ,RTH,B0,1h,5,E2,0.7981710636933615,2.078465906115687,True,11406,5.0,1.0
NQ,RTH,B0,1h,5,E4,0.998238421777998,2.078465906115687,True,11406,5.0,1.0
NQ,RTH,B0,1h,6,E2,0.7725015650247079,1.9944671809499017,True,11406,5.99982465369104,0.9998246536910398
NQ,RTH,B0,1h,6,E4,0.8876904096438145,1.9944671809499017,True,11406,5.99982465369104,0.9998246536910398
NQ,RTH,B0,1h,10,E2,0.845644398871153,1.8087541015938593,True,11406,9.9995616342276,0.9997369805365597
NQ,RTH,B0,1h,10,E4,0.9112826379107768,1.8087541015938593,True,11406,9.9995616342276,0.9997369805365597
NQ,RTH,B0,1h,12,E2,0.8621154416628342,1.7589853604612276,True,11406,11.99947396107312,0.9997369805365597
NQ,RTH,B0,1h,12,E4,0.9213834161322517,1.7589853604612276,True,11406,11.99947396107312,0.9997369805365597
NQ,RTH,B0,1h,15,E2,0.8752871887641551,1.6992638646956932,True,11406,14.99929861476416,0.9997369805365597
NQ,RTH,B0,1h,15,E4,0.9317095894907806,1.6992638646956932,True,11406,14.99929861476416,0.9997369805365597
NQ,RTH,B0,1h,20,E2,0.9001151777113335,1.6606307987124385,True,11406,19.99894792214624,0.9997369805365597
NQ,RTH,B0,1h,20,E4,0.9455793622269753,1.6606307987124385,True,11406,19.99894792214624,0.9997369805365597
NQ,RTH,B0,1h,30,E2,0.9174623107386746,1.5953461917322496,True,11406,29.998246536910397,0.9997369805365597
NQ,RTH,B0,1h,30,E4,0.9605853792380309,1.5953461917322496,True,11406,29.998246536910397,0.9997369805365597
NQ,RTH,B0,1h,60,E2,0.9357212155969795,1.5004058110408809,True,11406,59.99614238120287,0.9997369805365597
NQ,RTH,B0,1h,60,E4,0.9781812308341564,1.5004058110408809,True,11406,59.99614238120287,0.9997369805365597
NQ,RTH,B0,30min,5,E2,1.026990861334638,2.1287262213323292,False,22812,4.9997808171138,0.9998684902682798
NQ,RTH,B0,30min,5,E4,0.9994473912761087,2.1287262213323292,True,22812,4.9997808171138,0.9998684902682798
NQ,RTH,B0,30min,6,E2,0.7586559482866004,2.0228871089574083,True,22812,5.99973698053656,0.9998684902682798
NQ,RTH,B0,30min,6,E4,0.9969398600655783,2.0228871089574083,True,22812,5.99973698053656,0.9998684902682798
NQ,RTH,B0,30min,10,E2,0.8508392215038726,1.8345025886879487,True,22812,9.99947396107312,0.9998246536910398
NQ,RTH,B0,30min,10,E4,0.9127900521811058,1.8345025886879487,True,22812,9.99947396107312,0.9998246536910398
NQ,RTH,B0,30min,15,E2,0.8920178499081837,1.7209164536623864,True,22812,14.999123268455198,0.9998246536910398
NQ,RTH,B0,30min,15,E4,0.9330153710379877,1.7209164536623864,True,22812,14.999123268455198,0.9998246536910398
NQ,RTH,B0,30min,30,E2,0.926678286455522,1.581459570379477,True,22812,29.998071190601436,0.9998246536910398
NQ,RTH,B0,30min,30,E4,0.9606047460549625,1.581459570379477,True,22812,29.998071190601436,0.9998246536910398
NQ,RTH,B1,1day,5,E2,0.6209129301298665,1.829057875616709,True,1901,5.0,1.0
NQ,RTH,B1,1day,5,E4,0.8738080671014525,1.829057875616709,True,1901,5.0,1.0
NQ,RTH,B1,1day,6,E2,0.6995618886199811,1.6686856049236658,True,1901,6.0,1.0
NQ,RTH,B1,1day,6,E4,0.8595891891521094,1.6686856049236658,True,1901,6.0,1.0
NQ,RTH,B1,1day,10,E2,0.7776223299810816,1.4545083766691576,True,1901,10.0,1.0
NQ,RTH,B1,1day,10,E4,0.889741003300674,1.4545083766691576,True,1901,10.0,1.0
NQ,RTH,B1,1day,13,E2,0.7958158177144552,1.3364855446170083,True,1901,13.0,1.0
NQ,RTH,B1,1day,13,E4,0.8997271610369526,1.3364855446170083,True,1901,13.0,1.0
NQ,RTH,B1,1day,26,E2,0.8611460461543524,1.2108957402637766,True,1901,26.0,1.0
NQ,RTH,B1,1day,26,E4,0.9384970693577793,1.2108957402637766,True,1901,26.0,1.0
NQ,RTH,B1,1day,78,E2,0.9103359256522467,1.139477312048904,True,1901,77.99684376643872,0.9984218832193582
NQ,RTH,B1,1day,78,E4,0.9764399715505667,1.139477312048904,True,1901,77.99684376643872,0.9984218832193582
NQ,RTH,B1,1day,195,E2,0.9319654593142096,1.0875629267884028,True,1901,194.98947922146237,0.9984218832193582
NQ,RTH,B1,1day,195,E4,0.9896827294335296,1.0875629267884028,True,1901,194.98947922146237,0.9984218832193582
NQ,RTH,B1,1day,389,E2,0.9354902943015015,1.0533897866525956,True,1901,388.97685428721724,0.9984218832193582
NQ,RTH,B1,1day,389,E4,0.9946420674959459,1.0533897866525956,True,1901,388.97685428721724,0.9984218832193582
NQ,RTH,B1,1h,4,E2,0.8298242199637966,2.2264862610953573,True,11406,4.0,1.0
NQ,RTH,B1,1h,4,E4,0.9988229853303163,2.2264862610953573,True,11406,4.0,1.0
NQ,RTH,B1,1h,5,E2,0.7976208676177797,2.0622287427979322,True,11406,5.0,1.0
NQ,RTH,B1,1h,5,E4,0.998240026338354,2.0622287427979322,True,11406,5.0,1.0
NQ,RTH,B1,1h,6,E2,0.7724446442772913,1.9800747414262503,True,11406,5.99982465369104,0.9998246536910398
NQ,RTH,B1,1h,6,E4,0.887325241227482,1.9800747414262503,True,11406,5.99982465369104,0.9998246536910398
NQ,RTH,B1,1h,10,E2,0.8471966832148821,1.7937918426167916,True,11406,9.9995616342276,0.9997369805365597
NQ,RTH,B1,1h,10,E4,0.9108712143185751,1.7937918426167916,True,11406,9.9995616342276,0.9997369805365597
NQ,RTH,B1,1h,12,E2,0.8633743488211745,1.7446494154728054,True,11406,11.99947396107312,0.9997369805365597
NQ,RTH,B1,1h,12,E4,0.9210240074844556,1.7446494154728054,True,11406,11.99947396107312,0.9997369805365597
NQ,RTH,B1,1h,15,E2,0.8755181302961506,1.6863651360685346,True,11406,14.99929861476416,0.9997369805365597
NQ,RTH,B1,1h,15,E4,0.9313696370691738,1.6863651360685346,True,11406,14.99929861476416,0.9997369805365597
NQ,RTH,B1,1h,20,E2,0.9018225863386671,1.6479888301248116,True,11406,19.99894792214624,0.9997369805365597
NQ,RTH,B1,1h,20,E4,0.9453831724022639,1.6479888301248116,True,11406,19.99894792214624,0.9997369805365597
NQ,RTH,B1,1h,30,E2,0.919723339055273,1.5823829340890303,True,11406,29.998246536910397,0.9997369805365597
NQ,RTH,B1,1h,30,E4,0.9604070320053256,1.5823829340890303,True,11406,29.998246536910397,0.9997369805365597
NQ,RTH,B1,1h,60,E2,0.9378998453073689,1.4887492060386187,True,11406,59.99614238120287,0.9997369805365597
NQ,RTH,B1,1h,60,E4,0.9779906992612014,1.4887492060386187,True,11406,59.99614238120287,0.9997369805365597
NQ,RTH,B1,30min,5,E2,1.0292576974732404,2.112968140855253,False,22812,4.9997808171138,0.9998684902682798
NQ,RTH,B1,30min,5,E4,0.9994477757156578,2.112968140855253,True,22812,4.9997808171138,0.9998684902682798
NQ,RTH,B1,30min,6,E2,0.7579260573551704,2.008056074449114,True,22812,5.99973698053656,0.9998684902682798
NQ,RTH,B1,30min,6,E4,0.996942551143799,2.008056074449114,True,22812,5.99973698053656,0.9998684902682798
NQ,RTH,B1,30min,10,E2,0.8514434482548761,1.821732946884545,True,22812,9.99947396107312,0.9998246536910398
NQ,RTH,B1,30min,10,E4,0.9123425747677051,1.821732946884545,True,22812,9.99947396107312,0.9998246536910398
NQ,RTH,B1,30min,15,E2,0.8922360251636234,1.707616218328206,True,22812,14.999123268455198,0.9998246536910398
NQ,RTH,B1,30min,15,E4,0.9326077719224473,1.707616218328206,True,22812,14.999123268455198,0.9998246536910398
NQ,RTH,B1,30min,30,E2,0.9275207672358042,1.569414110652626,True,22812,29.998071190601436,0.9998246536910398
NQ,RTH,B1,30min,30,E4,0.9602138384741017,1.569414110652626,True,22812,29.998071190601436,0.9998246536910398
