root,geom,btag,horizon,scheme,n_obs,model_set,mcs75,mcs90,seed,pvals
ES,GLOBEX,B0,1day,S-A,1453,M1_EWMA|M2_HAR|M3_HARJ|M4_HARQ|M5_RGARCH|M6_PARK|M6_GK,M2_HAR|M3_HARJ|M4_HARQ|M5_RGARCH,M2_HAR|M3_HARJ|M4_HARQ|M5_RGARCH,3280325159,"{""M6_PARK"": 0.0, ""M6_GK"": 0.0, ""M1_EWMA"": 0.0, ""M4_HARQ"": 0.4446, ""M3_HARJ"": 0.4446, ""M5_RGARCH"": 0.5736, ""M2_HAR"": 1.0}"
ES,GLOBEX,B0,1day,S-B_q0.80,291,M1_EWMA|M2_HAR|M3_HARJ|M4_HARQ|M5_RGARCH|M6_PARK|M6_GK,M5_RGARCH,M3_HARJ|M5_RGARCH,4011620097,"{""M4_HARQ"": 0.0008, ""M6_PARK"": 0.0008, ""M1_EWMA"": 0.0008, ""M6_GK"": 0.0008, ""M2_HAR"": 0.0008, ""M3_HARJ"": 0.1002, ""M5_RGARCH"": 1.0}"
ES,GLOBEX,B0,1day,S-C_q0.80,291,M1_EWMA|M2_HAR|M3_HARJ|M4_HARQ|M5_RGARCH|M6_PARK|M6_GK,M2_HAR|M5_RGARCH,M2_HAR|M5_RGARCH,1932513795,"{""M1_EWMA"": 0.0079, ""M4_HARQ"": 0.0869, ""M3_HARJ"": 0.0869, ""M6_PARK"": 0.0869, ""M6_GK"": 0.0869, ""M2_HAR"": 0.4223, ""M5_RGARCH"": 1.0}"
ES,GLOBEX,B0,1day,S-B_q0.90,146,M1_EWMA|M2_HAR|M3_HARJ|M4_HARQ|M5_RGARCH|M6_PARK|M6_GK,M5_RGARCH,M5_RGARCH,490092290,"{""M4_HARQ"": 0.0, ""M1_EWMA"": 0.0, ""M3_HARJ"": 0.0, ""M6_PARK"": 0.0, ""M6_GK"": 0.0, ""M2_HAR"": 0.0, ""M5_RGARCH"": 1.0}"
ES,GLOBEX,B0,1day,S-C_q0.90,146,M1_EWMA|M2_HAR|M3_HARJ|M4_HARQ|M5_RGARCH|M6_PARK|M6_GK,M2_HAR|M5_RGARCH,M2_HAR|M4_HARQ|M5_RGARCH|M6_GK|M6_PARK,2782361068,"{""M3_HARJ"": 0.016, ""M1_EWMA"": 0.016, ""M4_HARQ"": 0.1344, ""M6_PARK"": 0.1344, ""M6_GK"": 0.1344, ""M2_HAR"": 0.5313, ""M5_RGARCH"": 1.0}"
ES,GLOBEX,B1,1day,S-A,1453,M1_EWMA|M2_HAR|M3_HARJ|M4_HARQ|M5_RGARCH|M6_PARK|M6_GK,M2_HAR|M3_HARJ|M4_HARQ|M5_RGARCH,M2_HAR|M3_HARJ|M4_HARQ|M5_RGARCH,4040406603,"{""M6_PARK"": 0.0, ""M6_GK"": 0.0, ""M1_EWMA"": 0.0, ""M4_HARQ"": 0.3468, ""M3_HARJ"": 0.3468, ""M2_HAR"": 0.4526, ""M5_RGARCH"": 1.0}"
ES,GLOBEX,B1,1day,S-B_q0.80,291,M1_EWMA|M2_HAR|M3_HARJ|M4_HARQ|M5_RGARCH|M6_PARK|M6_GK,M5_RGARCH,M5_RGARCH,2357419644,"{""M3_HARJ"": 0.0006, ""M6_PARK"": 0.0006, ""M1_EWMA"": 0.0006, ""M6_GK"": 0.0006, ""M2_HAR"": 0.0006, ""M4_HARQ"": 0.0796, ""M5_RGARCH"": 1.0}"
ES,GLOBEX,B1,1day,S-C_q0.80,291,M1_EWMA|M2_HAR|M3_HARJ|M4_HARQ|M5_RGARCH|M6_PARK|M6_GK,M2_HAR|M5_RGARCH,M2_HAR|M5_RGARCH,795905876,"{""M1_EWMA"": 0.0055, ""M3_HARJ"": 0.0598, ""M4_HARQ"": 0.0598, ""M6_PARK"": 0.0598, ""M6_GK"": 0.0598, ""M2_HAR"": 0.472, ""M5_RGARCH"": 1.0}"
ES,GLOBEX,B1,1day,S-B_q0.90,146,M1_EWMA|M2_HAR|M3_HARJ|M4_HARQ|M5_RGARCH|M6_PARK|M6_GK,M5_RGARCH,M5_RGARCH,1194876513,"{""M3_HARJ"": 0.0009, ""M1_EWMA"": 0.0009, ""M4_HARQ"": 0.001, ""M6_PARK"": 0.001, ""M6_GK"": 0.001, ""M2_HAR"": 0.001, ""M5_RGARCH"": 1.0}"
ES,GLOBEX,B1,1day,S-C_q0.90,146,M1_EWMA|M2_HAR|M3_HARJ|M4_HARQ|M5_RGARCH|M6_PARK|M6_GK,M2_HAR|M5_RGARCH,M2_HAR|M4_HARQ|M5_RGARCH|M6_GK|M6_PARK,3628868369,"{""M3_HARJ"": 0.0118, ""M1_EWMA"": 0.0118, ""M4_HARQ"": 0.2399, ""M6_PARK"": 0.2399, ""M6_GK"": 0.2399, ""M2_HAR"": 0.8687, ""M5_RGARCH"": 1.0}"
NQ,GLOBEX,B0,1day,S-A,1448,M1_EWMA|M2_HAR|M3_HARJ|M4_HARQ|M5_RGARCH|M6_PARK|M6_GK,M2_HAR|M3_HARJ|M4_HARQ,M2_HAR|M3_HARJ|M4_HARQ,3536224341,"{""M6_PARK"": 0.0, ""M5_RGARCH"": 0.0, ""M6_GK"": 0.0, ""M1_EWMA"": 0.0, ""M4_HARQ"": 0.3264, ""M3_HARJ"": 0.3264, ""M2_HAR"": 1.0}"
NQ,GLOBEX,B0,1day,S-B_q0.80,290,M1_EWMA|M2_HAR|M3_HARJ|M4_HARQ|M5_RGARCH|M6_PARK|M6_GK,M2_HAR,M2_HAR,778805554,"{""M5_RGARCH"": 0.0, ""M4_HARQ"": 0.0199, ""M3_HARJ"": 0.0199, ""M6_PARK"": 0.0199, ""M6_GK"": 0.0199, ""M1_EWMA"": 0.0199, ""M2_HAR"": 1.0}"
NQ,GLOBEX,B0,1day,S-C_q0.80,290,M1_EWMA|M2_HAR|M3_HARJ|M4_HARQ|M5_RGARCH|M6_PARK|M6_GK,M2_HAR,M2_HAR,346491313,"{""M4_HARQ"": 0.0013, ""M3_HARJ"": 0.0013, ""M5_RGARCH"": 0.0013, ""M1_EWMA"": 0.0025, ""M6_PARK"": 0.0234, ""M6_GK"": 0.0234, ""M2_HAR"": 1.0}"
NQ,GLOBEX,B0,1day,S-B_q0.90,145,M1_EWMA|M2_HAR|M3_HARJ|M4_HARQ|M5_RGARCH|M6_PARK|M6_GK,M2_HAR,M2_HAR,1702618649,"{""M5_RGARCH"": 0.0001, ""M4_HARQ"": 0.0835, ""M3_HARJ"": 0.0835, ""M6_PARK"": 0.0835, ""M1_EWMA"": 0.0835, ""M6_GK"": 0.0835, ""M2_HAR"": 1.0}"
NQ,GLOBEX,B0,1day,S-C_q0.90,145,M1_EWMA|M2_HAR|M3_HARJ|M4_HARQ|M5_RGARCH|M6_PARK|M6_GK,M2_HAR,M2_HAR,3586788295,"{""M3_HARJ"": 0.0115, ""M4_HARQ"": 0.0115, ""M1_EWMA"": 0.0115, ""M5_RGARCH"": 0.0115, ""M6_PARK"": 0.0638, ""M6_GK"": 0.0638, ""M2_HAR"": 1.0}"
NQ,GLOBEX,B1,1day,S-A,1448,M1_EWMA|M2_HAR|M3_HARJ|M4_HARQ|M5_RGARCH|M6_PARK|M6_GK,M2_HAR,M2_HAR|M3_HARJ|M4_HARQ,3337662334,"{""M6_PARK"": 0.0, ""M5_RGARCH"": 0.0, ""M6_GK"": 0.0, ""M1_EWMA"": 0.0, ""M4_HARQ"": 0.235, ""M3_HARJ"": 0.235, ""M2_HAR"": 1.0}"
NQ,GLOBEX,B1,1day,S-B_q0.80,290,M1_EWMA|M2_HAR|M3_HARJ|M4_HARQ|M5_RGARCH|M6_PARK|M6_GK,M2_HAR,M2_HAR,1967094566,"{""M5_RGARCH"": 0.0, ""M3_HARJ"": 0.0226, ""M4_HARQ"": 0.0226, ""M6_PARK"": 0.0226, ""M6_GK"": 0.0226, ""M1_EWMA"": 0.0226, ""M2_HAR"": 1.0}"
NQ,GLOBEX,B1,1day,S-C_q0.80,290,M1_EWMA|M2_HAR|M3_HARJ|M4_HARQ|M5_RGARCH|M6_PARK|M6_GK,M2_HAR,M2_HAR,2186999783,"{""M3_HARJ"": 0.0015, ""M4_HARQ"": 0.0015, ""M5_RGARCH"": 0.0015, ""M1_EWMA"": 0.0015, ""M6_PARK"": 0.0238, ""M6_GK"": 0.0238, ""M2_HAR"": 1.0}"
NQ,GLOBEX,B1,1day,S-B_q0.90,145,M1_EWMA|M2_HAR|M3_HARJ|M4_HARQ|M5_RGARCH|M6_PARK|M6_GK,M2_HAR,M2_HAR,979901154,"{""M5_RGARCH"": 0.0, ""M3_HARJ"": 0.0841, ""M4_HARQ"": 0.0841, ""M6_PARK"": 0.0841, ""M1_EWMA"": 0.0841, ""M6_GK"": 0.0841, ""M2_HAR"": 1.0}"
NQ,GLOBEX,B1,1day,S-C_q0.90,145,M1_EWMA|M2_HAR|M3_HARJ|M4_HARQ|M5_RGARCH|M6_PARK|M6_GK,M2_HAR,M2_HAR|M6_PARK,1250553518,"{""M3_HARJ"": 0.0152, ""M4_HARQ"": 0.0152, ""M1_EWMA"": 0.0152, ""M5_RGARCH"": 0.0152, ""M6_GK"": 0.0876, ""M6_PARK"": 0.1342, ""M2_HAR"": 1.0}"
ES,RTH,B0,1day,S-A,1401,M1_EWMA|M2_HAR|M3_HARJ|M4_HARQ|M5_RGARCH|M6_PARK|M6_GK,M2_HAR|M3_HARJ|M4_HARQ,M2_HAR|M3_HARJ|M4_HARQ,629663445,"{""M6_PARK"": 0.0, ""M6_GK"": 0.0, ""M1_EWMA"": 0.0, ""M5_RGARCH"": 0.0, ""M4_HARQ"": 0.3628, ""M3_HARJ"": 0.3628, ""M2_HAR"": 1.0}"
ES,RTH,B0,1day,S-B_q0.80,280,M1_EWMA|M2_HAR|M3_HARJ|M4_HARQ|M5_RGARCH|M6_PARK|M6_GK,M2_HAR,M2_HAR,4238439140,"{""M4_HARQ"": 0.0, ""M3_HARJ"": 0.0, ""M6_GK"": 0.0, ""M6_PARK"": 0.0, ""M5_RGARCH"": 0.0, ""M1_EWMA"": 0.0308, ""M2_HAR"": 1.0}"
ES,RTH,B0,1day,S-C_q0.80,280,M1_EWMA|M2_HAR|M3_HARJ|M4_HARQ|M5_RGARCH|M6_PARK|M6_GK,M2_HAR,M2_HAR,3945777218,"{""M4_HARQ"": 0.0833, ""M3_HARJ"": 0.0833, ""M1_EWMA"": 0.0833, ""M6_PARK"": 0.0833, ""M6_GK"": 0.0833, ""M5_RGARCH"": 0.0833, ""M2_HAR"": 1.0}"
ES,RTH,B0,1day,S-B_q0.90,140,M1_EWMA|M2_HAR|M3_HARJ|M4_HARQ|M5_RGARCH|M6_PARK|M6_GK,M2_HAR,M1_EWMA|M2_HAR|M6_GK|M6_PARK,2768131305,"{""M4_HARQ"": 0.0, ""M3_HARJ"": 0.0, ""M5_RGARCH"": 0.0, ""M1_EWMA"": 0.1498, ""M6_PARK"": 0.1498, ""M6_GK"": 0.1498, ""M2_HAR"": 1.0}"
ES,RTH,B0,1day,S-C_q0.90,140,M1_EWMA|M2_HAR|M3_HARJ|M4_HARQ|M5_RGARCH|M6_PARK|M6_GK,M2_HAR,M1_EWMA|M2_HAR|M3_HARJ|M4_HARQ|M5_RGARCH|M6_GK|M6_PARK,3441137014,"{""M4_HARQ"": 0.1976, ""M3_HARJ"": 0.1976, ""M1_EWMA"": 0.1976, ""M5_RGARCH"": 0.1976, ""M6_GK"": 0.1976, ""M6_PARK"": 0.1976, ""M2_HAR"": 1.0}"
ES,RTH,B0,1h,S-A,10906,M1_EWMA|M2_HAR|M3_HARJ|M4_HARQ|M5_RGARCH|M6_PARK|M6_GK,M2_HAR,M2_HAR,310945355,"{""M6_PARK"": 0.0, ""M5_RGARCH"": 0.0, ""M6_GK"": 0.0, ""M1_EWMA"": 0.0, ""M4_HARQ"": 0.0006, ""M3_HARJ"": 0.0196, ""M2_HAR"": 1.0}"
ES,RTH,B0,1h,S-B_q0.80,2181,M1_EWMA|M2_HAR|M3_HARJ|M4_HARQ|M5_RGARCH|M6_PARK|M6_GK,M2_HAR,M2_HAR,34901983,"{""M5_RGARCH"": 0.0, ""M6_PARK"": 0.0, ""M6_GK"": 0.0, ""M4_HARQ"": 0.0007, ""M3_HARJ"": 0.0007, ""M1_EWMA"": 0.0007, ""M2_HAR"": 1.0}"
ES,RTH,B0,1h,S-C_q0.80,2181,M1_EWMA|M2_HAR|M3_HARJ|M4_HARQ|M5_RGARCH|M6_PARK|M6_GK,M2_HAR,M2_HAR,4016535017,"{""M5_RGARCH"": 0.0, ""M6_PARK"": 0.0, ""M6_GK"": 0.0, ""M4_HARQ"": 0.0, ""M1_EWMA"": 0.0, ""M3_HARJ"": 0.0158, ""M2_HAR"": 1.0}"
ES,RTH,B0,1h,S-B_q0.90,1091,M1_EWMA|M2_HAR|M3_HARJ|M4_HARQ|M5_RGARCH|M6_PARK|M6_GK,M2_HAR,M2_HAR,2778071878,"{""M5_RGARCH"": 0.0, ""M6_PARK"": 0.0, ""M6_GK"": 0.0, ""M4_HARQ"": 0.0147, ""M3_HARJ"": 0.0147, ""M1_EWMA"": 0.0147, ""M2_HAR"": 1.0}"
ES,RTH,B0,1h,S-C_q0.90,1091,M1_EWMA|M2_HAR|M3_HARJ|M4_HARQ|M5_RGARCH|M6_PARK|M6_GK,M2_HAR,M2_HAR,1734405981,"{""M5_RGARCH"": 0.0, ""M4_HARQ"": 0.0001, ""M3_HARJ"": 0.0001, ""M1_EWMA"": 0.0001, ""M6_PARK"": 0.0001, ""M6_GK"": 0.0001, ""M2_HAR"": 1.0}"
ES,RTH,B0,30min,S-A,22312,M1_EWMA|M2_HAR|M3_HARJ|M4_HARQ|M5_RGARCH|M6_PARK|M6_GK,M2_HAR,M2_HAR,3907597529,"{""M5_RGARCH"": 0.0, ""M6_PARK"": 0.0, ""M6_GK"": 0.0, ""M4_HARQ"": 0.0, ""M3_HARJ"": 0.0, ""M1_EWMA"": 0.0, ""M2_HAR"": 1.0}"
ES,RTH,B0,30min,S-B_q0.80,4463,M1_EWMA|M2_HAR|M3_HARJ|M4_HARQ|M5_RGARCH|M6_PARK|M6_GK,M2_HAR,M2_HAR,832728714,"{""M5_RGARCH"": 0.0, ""M6_PARK"": 0.0, ""M6_GK"": 0.0, ""M1_EWMA"": 0.0, ""M3_HARJ"": 0.0669, ""M4_HARQ"": 0.0669, ""M2_HAR"": 1.0}"
ES,RTH,B0,30min,S-C_q0.80,4463,M1_EWMA|M2_HAR|M3_HARJ|M4_HARQ|M5_RGARCH|M6_PARK|M6_GK,M2_HAR,M2_HAR,117370820,"{""M5_RGARCH"": 0.0, ""M6_PARK"": 0.0, ""M1_EWMA"": 0.0, ""M6_GK"": 0.0, ""M3_HARJ"": 0.034, ""M4_HARQ"": 0.034, ""M2_HAR"": 1.0}"
ES,RTH,B0,30min,S-B_q0.90,2232,M1_EWMA|M2_HAR|M3_HARJ|M4_HARQ|M5_RGARCH|M6_PARK|M6_GK,M2_HAR,M2_HAR,1615113857,"{""M5_RGARCH"": 0.0, ""M6_PARK"": 0.0, ""M6_GK"": 0.0, ""M1_EWMA"": 0.0, ""M3_HARJ"": 0.0308, ""M4_HARQ"": 0.0308, ""M2_HAR"": 1.0}"
ES,RTH,B0,30min,S-C_q0.90,2232,M1_EWMA|M2_HAR|M3_HARJ|M4_HARQ|M5_RGARCH|M6_PARK|M6_GK,M2_HAR,M2_HAR,2447780851,"{""M5_RGARCH"": 0.0, ""M1_EWMA"": 0.0, ""M3_HARJ"": 0.0, ""M4_HARQ"": 0.0, ""M6_PARK"": 0.0, ""M6_GK"": 0.0, ""M2_HAR"": 1.0}"
ES,RTH,B1,1day,S-A,1401,M1_EWMA|M2_HAR|M3_HARJ|M4_HARQ|M5_RGARCH|M6_PARK|M6_GK,M2_HAR,M2_HAR|M3_HARJ,2734751929,"{""M6_PARK"": 0.0, ""M6_GK"": 0.0, ""M4_HARQ"": 0.0, ""M5_RGARCH"": 0.0, ""M1_EWMA"": 0.0015, ""M3_HARJ"": 0.1124, ""M2_HAR"": 1.0}"
ES,RTH,B1,1day,S-B_q0.80,280,M1_EWMA|M2_HAR|M3_HARJ|M4_HARQ|M5_RGARCH|M6_PARK|M6_GK,M2_HAR,M2_HAR,3583050138,"{""M4_HARQ"": 0.0001, ""M3_HARJ"": 0.0001, ""M5_RGARCH"": 0.0001, ""M6_PARK"": 0.0009, ""M6_GK"": 0.001, ""M1_EWMA"": 0.0231, ""M2_HAR"": 1.0}"
ES,RTH,B1,1day,S-C_q0.80,280,M1_EWMA|M2_HAR|M3_HARJ|M4_HARQ|M5_RGARCH|M6_PARK|M6_GK,M2_HAR,M2_HAR,3038505791,"{""M4_HARQ"": 0.0201, ""M3_HARJ"": 0.0201, ""M1_EWMA"": 0.0201, ""M6_PARK"": 0.0201, ""M5_RGARCH"": 0.0201, ""M6_GK"": 0.0201, ""M2_HAR"": 1.0}"
ES,RTH,B1,1day,S-B_q0.90,140,M1_EWMA|M2_HAR|M3_HARJ|M4_HARQ|M5_RGARCH|M6_PARK|M6_GK,M2_HAR,M1_EWMA|M2_HAR|M6_GK|M6_PARK,518561450,"{""M4_HARQ"": 0.0001, ""M3_HARJ"": 0.0001, ""M5_RGARCH"": 0.0001, ""M1_EWMA"": 0.1206, ""M6_PARK"": 0.1648, ""M6_GK"": 0.1648, ""M2_HAR"": 1.0}"
ES,RTH,B1,1day,S-C_q0.90,140,M1_EWMA|M2_HAR|M3_HARJ|M4_HARQ|M5_RGARCH|M6_PARK|M6_GK,M2_HAR,M1_EWMA|M2_HAR|M3_HARJ|M4_HARQ|M5_RGARCH|M6_GK|M6_PARK,410096495,"{""M4_HARQ"": 0.1879, ""M3_HARJ"": 0.1879, ""M1_EWMA"": 0.1879, ""M5_RGARCH"": 0.1879, ""M6_GK"": 0.1879, ""M6_PARK"": 0.1879, ""M2_HAR"": 1.0}"
ES,RTH,B1,1h,S-A,10906,M1_EWMA|M2_HAR|M3_HARJ|M4_HARQ|M5_RGARCH|M6_PARK|M6_GK,M2_HAR,M2_HAR,1045897580,"{""M6_PARK"": 0.0, ""M6_GK"": 0.0, ""M5_RGARCH"": 0.0, ""M1_EWMA"": 0.0, ""M4_HARQ"": 0.0002, ""M3_HARJ"": 0.0179, ""M2_HAR"": 1.0}"
ES,RTH,B1,1h,S-B_q0.80,2181,M1_EWMA|M2_HAR|M3_HARJ|M4_HARQ|M5_RGARCH|M6_PARK|M6_GK,M2_HAR,M2_HAR,4120385690,"{""M5_RGARCH"": 0.0, ""M6_PARK"": 0.0, ""M6_GK"": 0.0, ""M4_HARQ"": 0.0003, ""M3_HARJ"": 0.0003, ""M1_EWMA"": 0.0003, ""M2_HAR"": 1.0}"
ES,RTH,B1,1h,S-C_q0.80,2181,M1_EWMA|M2_HAR|M3_HARJ|M4_HARQ|M5_RGARCH|M6_PARK|M6_GK,M2_HAR,M2_HAR,3717700803,"{""M5_RGARCH"": 0.0, ""M6_PARK"": 0.0, ""M4_HARQ"": 0.0, ""M6_GK"": 0.0, ""M1_EWMA"": 0.0, ""M3_HARJ"": 0.0149, ""M2_HAR"": 1.0}"
ES,RTH,B1,1h,S-B_q0.90,1091,M1_EWMA|M2_HAR|M3_HARJ|M4_HARQ|M5_RGARCH|M6_PARK|M6_GK,M2_HAR,M2_HAR,712479768,"{""M5_RGARCH"": 0.0, ""M6_PARK"": 0.0, ""M6_GK"": 0.0, ""M4_HARQ"": 0.0089, ""M3_HARJ"": 0.0089, ""M1_EWMA"": 0.0089, ""M2_HAR"": 1.0}"
ES,RTH,B1,1h,S-C_q0.90,1091,M1_EWMA|M2_HAR|M3_HARJ|M4_HARQ|M5_RGARCH|M6_PARK|M6_GK,M2_HAR,M2_HAR,3004156811,"{""M5_RGARCH"": 0.0, ""M4_HARQ"": 0.0, ""M3_HARJ"": 0.0, ""M1_EWMA"": 0.0, ""M6_PARK"": 0.0, ""M6_GK"": 0.0, ""M2_HAR"": 1.0}"
ES,RTH,B1,30min,S-A,22312,M1_EWMA|M2_HAR|M3_HARJ|M4_HARQ|M5_RGARCH|M6_PARK|M6_GK,M2_HAR,M2_HAR,136732739,"{""M5_RGARCH"": 0.0, ""M6_PARK"": 0.0, ""M6_GK"": 0.0, ""M4_HARQ"": 0.0, ""M3_HARJ"": 0.0, ""M1_EWMA"": 0.0, ""M2_HAR"": 1.0}"
ES,RTH,B1,30min,S-B_q0.80,4463,M1_EWMA|M2_HAR|M3_HARJ|M4_HARQ|M5_RGARCH|M6_PARK|M6_GK,M2_HAR,M2_HAR,1437149941,"{""M5_RGARCH"": 0.0, ""M6_PARK"": 0.0, ""M6_GK"": 0.0, ""M1_EWMA"": 0.0, ""M4_HARQ"": 0.0697, ""M3_HARJ"": 0.0697, ""M2_HAR"": 1.0}"
ES,RTH,B1,30min,S-C_q0.80,4463,M1_EWMA|M2_HAR|M3_HARJ|M4_HARQ|M5_RGARCH|M6_PARK|M6_GK,M2_HAR,M2_HAR,2185740070,"{""M5_RGARCH"": 0.0, ""M6_PARK"": 0.0, ""M1_EWMA"": 0.0, ""M6_GK"": 0.0, ""M3_HARJ"": 0.0346, ""M4_HARQ"": 0.0346, ""M2_HAR"": 1.0}"
ES,RTH,B1,30min,S-B_q0.90,2232,M1_EWMA|M2_HAR|M3_HARJ|M4_HARQ|M5_RGARCH|M6_PARK|M6_GK,M2_HAR,M2_HAR,810538727,"{""M5_RGARCH"": 0.0, ""M6_PARK"": 0.0, ""M6_GK"": 0.0, ""M1_EWMA"": 0.0, ""M3_HARJ"": 0.028, ""M4_HARQ"": 0.028, ""M2_HAR"": 1.0}"
ES,RTH,B1,30min,S-C_q0.90,2232,M1_EWMA|M2_HAR|M3_HARJ|M4_HARQ|M5_RGARCH|M6_PARK|M6_GK,M2_HAR,M2_HAR,3199048031,"{""M5_RGARCH"": 0.0, ""M1_EWMA"": 0.0, ""M3_HARJ"": 0.0, ""M4_HARQ"": 0.0, ""M6_PARK"": 0.0, ""M6_GK"": 0.0, ""M2_HAR"": 1.0}"
NQ,RTH,B0,1day,S-A,1401,M1_EWMA|M2_HAR|M3_HARJ|M4_HARQ|M5_RGARCH|M6_PARK|M6_GK,M2_HAR,M2_HAR|M3_HARJ|M4_HARQ,598363660,"{""M5_RGARCH"": 0.0, ""M6_PARK"": 0.0, ""M6_GK"": 0.0, ""M1_EWMA"": 0.0003, ""M4_HARQ"": 0.2265, ""M3_HARJ"": 0.2265, ""M2_HAR"": 1.0}"
NQ,RTH,B0,1day,S-B_q0.80,280,M1_EWMA|M2_HAR|M3_HARJ|M4_HARQ|M5_RGARCH|M6_PARK|M6_GK,M2_HAR,M2_HAR,3132774543,"{""M5_RGARCH"": 0.0, ""M4_HARQ"": 0.0092, ""M3_HARJ"": 0.0092, ""M6_PARK"": 0.0092, ""M6_GK"": 0.0092, ""M1_EWMA"": 0.0904, ""M2_HAR"": 1.0}"
NQ,RTH,B0,1day,S-C_q0.80,280,M1_EWMA|M2_HAR|M3_HARJ|M4_HARQ|M5_RGARCH|M6_PARK|M6_GK,M2_HAR,M2_HAR,4162810140,"{""M5_RGARCH"": 0.0, ""M4_HARQ"": 0.0422, ""M3_HARJ"": 0.0422, ""M1_EWMA"": 0.0422, ""M6_PARK"": 0.0422, ""M6_GK"": 0.0422, ""M2_HAR"": 1.0}"
NQ,RTH,B0,1day,S-B_q0.90,140,M1_EWMA|M2_HAR|M3_HARJ|M4_HARQ|M5_RGARCH|M6_PARK|M6_GK,M2_HAR,M1_EWMA|M2_HAR|M3_HARJ|M4_HARQ|M6_GK|M6_PARK,1559543155,"{""M5_RGARCH"": 0.0, ""M4_HARQ"": 0.1494, ""M3_HARJ"": 0.1494, ""M1_EWMA"": 0.1494, ""M6_PARK"": 0.1494, ""M6_GK"": 0.1494, ""M2_HAR"": 1.0}"
NQ,RTH,B0,1day,S-C_q0.90,140,M1_EWMA|M2_HAR|M3_HARJ|M4_HARQ|M5_RGARCH|M6_PARK|M6_GK,M2_HAR,M2_HAR,2211311582,"{""M5_RGARCH"": 0.0018, ""M4_HARQ"": 0.0737, ""M3_HARJ"": 0.0737, ""M1_EWMA"": 0.0737, ""M6_GK"": 0.0789, ""M6_PARK"": 0.0853, ""M2_HAR"": 1.0}"
NQ,RTH,B0,1h,S-A,10906,M1_EWMA|M2_HAR|M3_HARJ|M4_HARQ|M5_RGARCH|M6_PARK|M6_GK,M2_HAR,M2_HAR,6131605,"{""M6_PARK"": 0.0, ""M5_RGARCH"": 0.0, ""M6_GK"": 0.0, ""M1_EWMA"": 0.0, ""M4_HARQ"": 0.0058, ""M3_HARJ"": 0.048, ""M2_HAR"": 1.0}"
NQ,RTH,B0,1h,S-B_q0.80,2181,M1_EWMA|M2_HAR|M3_HARJ|M4_HARQ|M5_RGARCH|M6_PARK|M6_GK,M2_HAR,M1_EWMA|M2_HAR,4254605016,"{""M5_RGARCH"": 0.0, ""M6_PARK"": 0.0, ""M6_GK"": 0.0, ""M4_HARQ"": 0.0011, ""M3_HARJ"": 0.0471, ""M1_EWMA"": 0.1992, ""M2_HAR"": 1.0}"
NQ,RTH,B0,1h,S-C_q0.80,2181,M1_EWMA|M2_HAR|M3_HARJ|M4_HARQ|M5_RGARCH|M6_PARK|M6_GK,M2_HAR,M2_HAR,1872878185,"{""M5_RGARCH"": 0.0, ""M6_PARK"": 0.0, ""M6_GK"": 0.0, ""M4_HARQ"": 0.0, ""M1_EWMA"": 0.0, ""M3_HARJ"": 0.0242, ""M2_HAR"": 1.0}"
NQ,RTH,B0,1h,S-B_q0.90,1091,M1_EWMA|M2_HAR|M3_HARJ|M4_HARQ|M5_RGARCH|M6_PARK|M6_GK,M2_HAR,M1_EWMA|M2_HAR,3956424179,"{""M5_RGARCH"": 0.0, ""M6_PARK"": 0.0, ""M6_GK"": 0.0, ""M4_HARQ"": 0.0034, ""M3_HARJ"": 0.0325, ""M1_EWMA"": 0.1143, ""M2_HAR"": 1.0}"
NQ,RTH,B0,1h,S-C_q0.90,1091,M1_EWMA|M2_HAR|M3_HARJ|M4_HARQ|M5_RGARCH|M6_PARK|M6_GK,M2_HAR,M2_HAR,281087360,"{""M5_RGARCH"": 0.0, ""M4_HARQ"": 0.0, ""M3_HARJ"": 0.0, ""M6_PARK"": 0.0, ""M6_GK"": 0.0, ""M1_EWMA"": 0.0, ""M2_HAR"": 1.0}"
NQ,RTH,B0,30min,S-A,22312,M1_EWMA|M2_HAR|M3_HARJ|M4_HARQ|M5_RGARCH|M6_PARK|M6_GK,M2_HAR,M2_HAR,1532726497,"{""M5_RGARCH"": 0.0, ""M6_PARK"": 0.0, ""M6_GK"": 0.0, ""M4_HARQ"": 0.0, ""M1_EWMA"": 0.0, ""M3_HARJ"": 0.0, ""M2_HAR"": 1.0}"
NQ,RTH,B0,30min,S-B_q0.80,4463,M1_EWMA|M2_HAR|M3_HARJ|M4_HARQ|M5_RGARCH|M6_PARK|M6_GK,M2_HAR,M2_HAR,3416508545,"{""M5_RGARCH"": 0.0, ""M6_PARK"": 0.0, ""M6_GK"": 0.0, ""M4_HARQ"": 0.0, ""M1_EWMA"": 0.0, ""M3_HARJ"": 0.0167, ""M2_HAR"": 1.0}"
NQ,RTH,B0,30min,S-C_q0.80,4463,M1_EWMA|M2_HAR|M3_HARJ|M4_HARQ|M5_RGARCH|M6_PARK|M6_GK,M2_HAR,M2_HAR,3063219730,"{""M5_RGARCH"": 0.0, ""M6_PARK"": 0.0, ""M6_GK"": 0.0, ""M1_EWMA"": 0.0, ""M3_HARJ"": 0.021, ""M4_HARQ"": 0.021, ""M2_HAR"": 1.0}"
NQ,RTH,B0,30min,S-B_q0.90,2232,M1_EWMA|M2_HAR|M3_HARJ|M4_HARQ|M5_RGARCH|M6_PARK|M6_GK,M2_HAR,M2_HAR,1556410038,"{""M5_RGARCH"": 0.0, ""M6_PARK"": 0.0, ""M6_GK"": 0.0, ""M4_HARQ"": 0.0012, ""M3_HARJ"": 0.0012, ""M1_EWMA"": 0.0012, ""M2_HAR"": 1.0}"
NQ,RTH,B0,30min,S-C_q0.90,2232,M1_EWMA|M2_HAR|M3_HARJ|M4_HARQ|M5_RGARCH|M6_PARK|M6_GK,M2_HAR,M2_HAR,1954846886,"{""M5_RGARCH"": 0.0, ""M1_EWMA"": 0.0, ""M6_PARK"": 0.0, ""M6_GK"": 0.0, ""M3_HARJ"": 0.0107, ""M4_HARQ"": 0.0107, ""M2_HAR"": 1.0}"
NQ,RTH,B1,1day,S-A,1401,M1_EWMA|M2_HAR|M3_HARJ|M4_HARQ|M5_RGARCH|M6_PARK|M6_GK,M2_HAR,M2_HAR,1643165716,"{""M5_RGARCH"": 0.0, ""M6_PARK"": 0.0, ""M6_GK"": 0.0, ""M4_HARQ"": 0.0002, ""M1_EWMA"": 0.0002, ""M3_HARJ"": 0.0951, ""M2_HAR"": 1.0}"
NQ,RTH,B1,1day,S-B_q0.80,280,M1_EWMA|M2_HAR|M3_HARJ|M4_HARQ|M5_RGARCH|M6_PARK|M6_GK,M2_HAR,M2_HAR,3454778690,"{""M5_RGARCH"": 0.0, ""M4_HARQ"": 0.0103, ""M3_HARJ"": 0.0103, ""M6_PARK"": 0.0103, ""M6_GK"": 0.0103, ""M1_EWMA"": 0.0661, ""M2_HAR"": 1.0}"
NQ,RTH,B1,1day,S-C_q0.80,280,M1_EWMA|M2_HAR|M3_HARJ|M4_HARQ|M5_RGARCH|M6_PARK|M6_GK,M2_HAR,M2_HAR,2798172795,"{""M5_RGARCH"": 0.0, ""M4_HARQ"": 0.0375, ""M3_HARJ"": 0.0375, ""M1_EWMA"": 0.0375, ""M6_PARK"": 0.0375, ""M6_GK"": 0.0375, ""M2_HAR"": 1.0}"
NQ,RTH,B1,1day,S-B_q0.90,140,M1_EWMA|M2_HAR|M3_HARJ|M4_HARQ|M5_RGARCH|M6_PARK|M6_GK,M2_HAR,M1_EWMA|M2_HAR|M3_HARJ|M4_HARQ|M6_GK|M6_PARK,404853592,"{""M5_RGARCH"": 0.0, ""M4_HARQ"": 0.1435, ""M3_HARJ"": 0.1435, ""M1_EWMA"": 0.1435, ""M6_PARK"": 0.1706, ""M6_GK"": 0.1706, ""M2_HAR"": 1.0}"
NQ,RTH,B1,1day,S-C_q0.90,140,M1_EWMA|M2_HAR|M3_HARJ|M4_HARQ|M5_RGARCH|M6_PARK|M6_GK,M2_HAR,M2_HAR,2248711278,"{""M4_HARQ"": 0.0017, ""M5_RGARCH"": 0.0017, ""M3_HARJ"": 0.0775, ""M1_EWMA"": 0.0775, ""M6_GK"": 0.0775, ""M6_PARK"": 0.0821, ""M2_HAR"": 1.0}"
NQ,RTH,B1,1h,S-A,10906,M1_EWMA|M2_HAR|M3_HARJ|M4_HARQ|M5_RGARCH|M6_PARK|M6_GK,M2_HAR,M2_HAR,1370928947,"{""M5_RGARCH"": 0.0, ""M6_PARK"": 0.0, ""M6_GK"": 0.0, ""M1_EWMA"": 0.0, ""M4_HARQ"": 0.0158, ""M3_HARJ"": 0.0454, ""M2_HAR"": 1.0}"
NQ,RTH,B1,1h,S-B_q0.80,2181,M1_EWMA|M2_HAR|M3_HARJ|M4_HARQ|M5_RGARCH|M6_PARK|M6_GK,M2_HAR,M1_EWMA|M2_HAR,1034423320,"{""M5_RGARCH"": 0.0, ""M6_PARK"": 0.0, ""M6_GK"": 0.0, ""M4_HARQ"": 0.0051, ""M3_HARJ"": 0.049, ""M1_EWMA"": 0.1102, ""M2_HAR"": 1.0}"
NQ,RTH,B1,1h,S-C_q0.80,2181,M1_EWMA|M2_HAR|M3_HARJ|M4_HARQ|M5_RGARCH|M6_PARK|M6_GK,M2_HAR,M2_HAR,3919512435,"{""M5_RGARCH"": 0.0, ""M6_PARK"": 0.0, ""M6_GK"": 0.0, ""M4_HARQ"": 0.0, ""M1_EWMA"": 0.0, ""M3_HARJ"": 0.023, ""M2_HAR"": 1.0}"
NQ,RTH,B1,1h,S-B_q0.90,1091,M1_EWMA|M2_HAR|M3_HARJ|M4_HARQ|M5_RGARCH|M6_PARK|M6_GK,M2_HAR,M2_HAR,1619288512,"{""M5_RGARCH"": 0.0, ""M6_PARK"": 0.0, ""M6_GK"": 0.0, ""M4_HARQ"": 0.0094, ""M3_HARJ"": 0.0324, ""M1_EWMA"": 0.0747, ""M2_HAR"": 1.0}"
NQ,RTH,B1,1h,S-C_q0.90,1091,M1_EWMA|M2_HAR|M3_HARJ|M4_HARQ|M5_RGARCH|M6_PARK|M6_GK,M2_HAR,M2_HAR,3071747996,"{""M5_RGARCH"": 0.0, ""M4_HARQ"": 0.0, ""M3_HARJ"": 0.0, ""M6_PARK"": 0.0, ""M1_EWMA"": 0.0, ""M6_GK"": 0.0, ""M2_HAR"": 1.0}"
NQ,RTH,B1,30min,S-A,22312,M1_EWMA|M2_HAR|M3_HARJ|M4_HARQ|M5_RGARCH|M6_PARK|M6_GK,M2_HAR,M2_HAR,997959347,"{""M5_RGARCH"": 0.0, ""M6_PARK"": 0.0, ""M6_GK"": 0.0, ""M4_HARQ"": 0.0, ""M1_EWMA"": 0.0, ""M3_HARJ"": 0.0, ""M2_HAR"": 1.0}"
NQ,RTH,B1,30min,S-B_q0.80,4463,M1_EWMA|M2_HAR|M3_HARJ|M4_HARQ|M5_RGARCH|M6_PARK|M6_GK,M2_HAR,M2_HAR,2699806576,"{""M5_RGARCH"": 0.0, ""M6_PARK"": 0.0, ""M6_GK"": 0.0, ""M4_HARQ"": 0.0, ""M1_EWMA"": 0.0, ""M3_HARJ"": 0.0174, ""M2_HAR"": 1.0}"
NQ,RTH,B1,30min,S-C_q0.80,4463,M1_EWMA|M2_HAR|M3_HARJ|M4_HARQ|M5_RGARCH|M6_PARK|M6_GK,M2_HAR,M2_HAR,3707498135,"{""M5_RGARCH"": 0.0, ""M6_PARK"": 0.0, ""M6_GK"": 0.0, ""M1_EWMA"": 0.0, ""M3_HARJ"": 0.02, ""M4_HARQ"": 0.02, ""M2_HAR"": 1.0}"
NQ,RTH,B1,30min,S-B_q0.90,2232,M1_EWMA|M2_HAR|M3_HARJ|M4_HARQ|M5_RGARCH|M6_PARK|M6_GK,M2_HAR,M2_HAR,2399367287,"{""M5_RGARCH"": 0.0, ""M6_PARK"": 0.0, ""M6_GK"": 0.0, ""M4_HARQ"": 0.0003, ""M3_HARJ"": 0.0003, ""M1_EWMA"": 0.0003, ""M2_HAR"": 1.0}"
NQ,RTH,B1,30min,S-C_q0.90,2232,M1_EWMA|M2_HAR|M3_HARJ|M4_HARQ|M5_RGARCH|M6_PARK|M6_GK,M2_HAR,M2_HAR,4244299336,"{""M5_RGARCH"": 0.0, ""M1_EWMA"": 0.0, ""M6_PARK"": 0.0, ""M3_HARJ"": 0.0, ""M6_GK"": 0.0, ""M4_HARQ"": 0.0056, ""M2_HAR"": 1.0}"
