cell,level,s05,s06r,changed,entered,left
ES/GLOBEX/B0/1day/S-A,75,M2_HAR|M3_HARJ|M4_HARQ|M5_RGARCH,M2_HAR|M3_HARJ|M4_HARQ|M5_RGARCH,False,,
ES/GLOBEX/B0/1day/S-A,90,M2_HAR|M3_HARJ|M4_HARQ|M5_RGARCH,M2_HAR|M3_HARJ|M4_HARQ|M5_RGARCH,False,,
ES/GLOBEX/B0/1day/S-B_q0.80,75,M4_HARQ|M5_RGARCH,M5_RGARCH,True,,M4_HARQ
ES/GLOBEX/B0/1day/S-B_q0.80,90,M4_HARQ|M5_RGARCH,M3_HARJ|M5_RGARCH,True,M3_HARJ,M4_HARQ
ES/GLOBEX/B0/1day/S-C_q0.80,75,M2_HAR|M3_HARJ|M4_HARQ|M5_RGARCH,M2_HAR|M5_RGARCH,True,,M3_HARJ|M4_HARQ
ES/GLOBEX/B0/1day/S-C_q0.80,90,M2_HAR|M3_HARJ|M4_HARQ|M5_RGARCH,M2_HAR|M5_RGARCH,True,,M3_HARJ|M4_HARQ
ES/GLOBEX/B0/1day/S-B_q0.90,75,M4_HARQ|M5_RGARCH,M5_RGARCH,True,,M4_HARQ
ES/GLOBEX/B0/1day/S-B_q0.90,90,M4_HARQ|M5_RGARCH,M5_RGARCH,True,,M4_HARQ
ES/GLOBEX/B0/1day/S-C_q0.90,75,M2_HAR|M3_HARJ|M4_HARQ|M5_RGARCH,M2_HAR|M5_RGARCH,True,,M3_HARJ|M4_HARQ
ES/GLOBEX/B0/1day/S-C_q0.90,90,M2_HAR|M3_HARJ|M4_HARQ|M5_RGARCH|M6_GK|M6_PARK,M2_HAR|M4_HARQ|M5_RGARCH|M6_GK|M6_PARK,True,,M3_HARJ
ES/GLOBEX/B1/1day/S-A,75,M2_HAR|M3_HARJ|M4_HARQ|M5_RGARCH,M2_HAR|M3_HARJ|M4_HARQ|M5_RGARCH,False,,
ES/GLOBEX/B1/1day/S-A,90,M2_HAR|M3_HARJ|M4_HARQ|M5_RGARCH,M2_HAR|M3_HARJ|M4_HARQ|M5_RGARCH,False,,
ES/GLOBEX/B1/1day/S-B_q0.80,75,M4_HARQ|M5_RGARCH,M5_RGARCH,True,,M4_HARQ
ES/GLOBEX/B1/1day/S-B_q0.80,90,M4_HARQ|M5_RGARCH,M5_RGARCH,True,,M4_HARQ
ES/GLOBEX/B1/1day/S-C_q0.80,75,M2_HAR|M3_HARJ|M4_HARQ|M5_RGARCH,M2_HAR|M5_RGARCH,True,,M3_HARJ|M4_HARQ
ES/GLOBEX/B1/1day/S-C_q0.80,90,M2_HAR|M3_HARJ|M4_HARQ|M5_RGARCH,M2_HAR|M5_RGARCH,True,,M3_HARJ|M4_HARQ
ES/GLOBEX/B1/1day/S-B_q0.90,75,M4_HARQ|M5_RGARCH,M5_RGARCH,True,,M4_HARQ
ES/GLOBEX/B1/1day/S-B_q0.90,90,M4_HARQ|M5_RGARCH,M5_RGARCH,True,,M4_HARQ
ES/GLOBEX/B1/1day/S-C_q0.90,75,M2_HAR|M3_HARJ|M4_HARQ|M5_RGARCH,M2_HAR|M5_RGARCH,True,,M3_HARJ|M4_HARQ
ES/GLOBEX/B1/1day/S-C_q0.90,90,M2_HAR|M3_HARJ|M4_HARQ|M5_RGARCH|M6_GK|M6_PARK,M2_HAR|M4_HARQ|M5_RGARCH|M6_GK|M6_PARK,True,,M3_HARJ
NQ/GLOBEX/B0/1day/S-A,75,M2_HAR|M4_HARQ,M2_HAR|M3_HARJ|M4_HARQ,True,M3_HARJ,
NQ/GLOBEX/B0/1day/S-A,90,M2_HAR|M4_HARQ,M2_HAR|M3_HARJ|M4_HARQ,True,M3_HARJ,
NQ/GLOBEX/B0/1day/S-B_q0.80,75,M2_HAR|M3_HARJ|M4_HARQ,M2_HAR,True,,M3_HARJ|M4_HARQ
NQ/GLOBEX/B0/1day/S-B_q0.80,90,M2_HAR|M3_HARJ|M4_HARQ,M2_HAR,True,,M3_HARJ|M4_HARQ
NQ/GLOBEX/B0/1day/S-C_q0.80,75,M2_HAR|M3_HARJ|M4_HARQ,M2_HAR,True,,M3_HARJ|M4_HARQ
NQ/GLOBEX/B0/1day/S-C_q0.80,90,M2_HAR|M3_HARJ|M4_HARQ,M2_HAR,True,,M3_HARJ|M4_HARQ
NQ/GLOBEX/B0/1day/S-B_q0.90,75,M2_HAR|M3_HARJ|M4_HARQ,M2_HAR,True,,M3_HARJ|M4_HARQ
NQ/GLOBEX/B0/1day/S-B_q0.90,90,M2_HAR|M3_HARJ|M4_HARQ,M2_HAR,True,,M3_HARJ|M4_HARQ
NQ/GLOBEX/B0/1day/S-C_q0.90,75,M2_HAR|M3_HARJ|M4_HARQ,M2_HAR,True,,M3_HARJ|M4_HARQ
NQ/GLOBEX/B0/1day/S-C_q0.90,90,M2_HAR|M3_HARJ|M4_HARQ|M6_PARK,M2_HAR,True,,M3_HARJ|M4_HARQ|M6_PARK
NQ/GLOBEX/B1/1day/S-A,75,M2_HAR|M3_HARJ|M4_HARQ,M2_HAR,True,,M3_HARJ|M4_HARQ
NQ/GLOBEX/B1/1day/S-A,90,M2_HAR|M3_HARJ|M4_HARQ,M2_HAR|M3_HARJ|M4_HARQ,False,,
NQ/GLOBEX/B1/1day/S-B_q0.80,75,M2_HAR|M3_HARJ|M4_HARQ,M2_HAR,True,,M3_HARJ|M4_HARQ
NQ/GLOBEX/B1/1day/S-B_q0.80,90,M2_HAR|M3_HARJ|M4_HARQ,M2_HAR,True,,M3_HARJ|M4_HARQ
NQ/GLOBEX/B1/1day/S-C_q0.80,75,M2_HAR|M3_HARJ|M4_HARQ,M2_HAR,True,,M3_HARJ|M4_HARQ
NQ/GLOBEX/B1/1day/S-C_q0.80,90,M2_HAR|M3_HARJ|M4_HARQ,M2_HAR,True,,M3_HARJ|M4_HARQ
NQ/GLOBEX/B1/1day/S-B_q0.90,75,M2_HAR|M3_HARJ|M4_HARQ,M2_HAR,True,,M3_HARJ|M4_HARQ
NQ/GLOBEX/B1/1day/S-B_q0.90,90,M2_HAR|M3_HARJ|M4_HARQ,M2_HAR,True,,M3_HARJ|M4_HARQ
NQ/GLOBEX/B1/1day/S-C_q0.90,75,M2_HAR|M3_HARJ|M4_HARQ,M2_HAR,True,,M3_HARJ|M4_HARQ
NQ/GLOBEX/B1/1day/S-C_q0.90,90,M2_HAR|M3_HARJ|M4_HARQ|M6_GK|M6_PARK,M2_HAR|M6_PARK,True,,M3_HARJ|M4_HARQ|M6_GK
ES/RTH/B0/1day/S-A,75,M2_HAR|M4_HARQ,M2_HAR|M3_HARJ|M4_HARQ,True,M3_HARJ,
ES/RTH/B0/1day/S-A,90,M2_HAR|M4_HARQ,M2_HAR|M3_HARJ|M4_HARQ,True,M3_HARJ,
ES/RTH/B0/1day/S-B_q0.80,75,M2_HAR|M4_HARQ,M2_HAR,True,,M4_HARQ
ES/RTH/B0/1day/S-B_q0.80,90,M2_HAR|M4_HARQ,M2_HAR,True,,M4_HARQ
ES/RTH/B0/1day/S-C_q0.80,75,M2_HAR|M4_HARQ,M2_HAR,True,,M4_HARQ
ES/RTH/B0/1day/S-C_q0.80,90,M2_HAR|M4_HARQ,M2_HAR,True,,M4_HARQ
ES/RTH/B0/1day/S-B_q0.90,75,M2_HAR|M4_HARQ,M2_HAR,True,,M4_HARQ
ES/RTH/B0/1day/S-B_q0.90,90,M2_HAR|M3_HARJ|M4_HARQ,M1_EWMA|M2_HAR|M6_GK|M6_PARK,True,M1_EWMA|M6_GK|M6_PARK,M3_HARJ|M4_HARQ
ES/RTH/B0/1day/S-C_q0.90,75,M2_HAR|M3_HARJ|M4_HARQ,M2_HAR,True,,M3_HARJ|M4_HARQ
ES/RTH/B0/1day/S-C_q0.90,90,M2_HAR|M3_HARJ|M4_HARQ|M5_RGARCH|M6_PARK,M1_EWMA|M2_HAR|M3_HARJ|M4_HARQ|M5_RGARCH|M6_GK|M6_PARK,True,M1_EWMA|M6_GK,
ES/RTH/B0/1h/S-A,75,M2_HAR|M4_HARQ,M2_HAR,True,,M4_HARQ
ES/RTH/B0/1h/S-A,90,M2_HAR|M4_HARQ,M2_HAR,True,,M4_HARQ
ES/RTH/B0/1h/S-B_q0.80,75,M2_HAR|M4_HARQ,M2_HAR,True,,M4_HARQ
ES/RTH/B0/1h/S-B_q0.80,90,M2_HAR|M4_HARQ,M2_HAR,True,,M4_HARQ
ES/RTH/B0/1h/S-C_q0.80,75,M2_HAR|M3_HARJ|M4_HARQ,M2_HAR,True,,M3_HARJ|M4_HARQ
ES/RTH/B0/1h/S-C_q0.80,90,M2_HAR|M3_HARJ|M4_HARQ,M2_HAR,True,,M3_HARJ|M4_HARQ
ES/RTH/B0/1h/S-B_q0.90,75,M2_HAR|M4_HARQ,M2_HAR,True,,M4_HARQ
ES/RTH/B0/1h/S-B_q0.90,90,M2_HAR|M3_HARJ|M4_HARQ,M2_HAR,True,,M3_HARJ|M4_HARQ
ES/RTH/B0/1h/S-C_q0.90,75,M2_HAR|M3_HARJ|M4_HARQ,M2_HAR,True,,M3_HARJ|M4_HARQ
ES/RTH/B0/1h/S-C_q0.90,90,M2_HAR|M3_HARJ|M4_HARQ,M2_HAR,True,,M3_HARJ|M4_HARQ
ES/RTH/B0/30min/S-A,75,M2_HAR|M3_HARJ|M4_HARQ,M2_HAR,True,,M3_HARJ|M4_HARQ
ES/RTH/B0/30min/S-A,90,M2_HAR|M3_HARJ|M4_HARQ,M2_HAR,True,,M3_HARJ|M4_HARQ
ES/RTH/B0/30min/S-B_q0.80,75,M2_HAR|M3_HARJ|M4_HARQ,M2_HAR,True,,M3_HARJ|M4_HARQ
ES/RTH/B0/30min/S-B_q0.80,90,M2_HAR|M3_HARJ|M4_HARQ,M2_HAR,True,,M3_HARJ|M4_HARQ
ES/RTH/B0/30min/S-C_q0.80,75,M2_HAR|M3_HARJ|M4_HARQ,M2_HAR,True,,M3_HARJ|M4_HARQ
ES/RTH/B0/30min/S-C_q0.80,90,M2_HAR|M3_HARJ|M4_HARQ,M2_HAR,True,,M3_HARJ|M4_HARQ
ES/RTH/B0/30min/S-B_q0.90,75,M2_HAR|M3_HARJ|M4_HARQ,M2_HAR,True,,M3_HARJ|M4_HARQ
ES/RTH/B0/30min/S-B_q0.90,90,M2_HAR|M3_HARJ|M4_HARQ,M2_HAR,True,,M3_HARJ|M4_HARQ
ES/RTH/B0/30min/S-C_q0.90,75,M2_HAR|M3_HARJ|M4_HARQ,M2_HAR,True,,M3_HARJ|M4_HARQ
ES/RTH/B0/30min/S-C_q0.90,90,M2_HAR|M3_HARJ|M4_HARQ,M2_HAR,True,,M3_HARJ|M4_HARQ
ES/RTH/B1/1day/S-A,75,M2_HAR|M4_HARQ,M2_HAR,True,,M4_HARQ
ES/RTH/B1/1day/S-A,90,M2_HAR|M4_HARQ,M2_HAR|M3_HARJ,True,M3_HARJ,M4_HARQ
ES/RTH/B1/1day/S-B_q0.80,75,M2_HAR|M4_HARQ,M2_HAR,True,,M4_HARQ
ES/RTH/B1/1day/S-B_q0.80,90,M2_HAR|M3_HARJ|M4_HARQ,M2_HAR,True,,M3_HARJ|M4_HARQ
ES/RTH/B1/1day/S-C_q0.80,75,M2_HAR|M3_HARJ|M4_HARQ,M2_HAR,True,,M3_HARJ|M4_HARQ
ES/RTH/B1/1day/S-C_q0.80,90,M2_HAR|M3_HARJ|M4_HARQ,M2_HAR,True,,M3_HARJ|M4_HARQ
ES/RTH/B1/1day/S-B_q0.90,75,M2_HAR|M3_HARJ|M4_HARQ,M2_HAR,True,,M3_HARJ|M4_HARQ
ES/RTH/B1/1day/S-B_q0.90,90,M2_HAR|M3_HARJ|M4_HARQ,M1_EWMA|M2_HAR|M6_GK|M6_PARK,True,M1_EWMA|M6_GK|M6_PARK,M3_HARJ|M4_HARQ
ES/RTH/B1/1day/S-C_q0.90,75,M2_HAR|M3_HARJ|M4_HARQ,M2_HAR,True,,M3_HARJ|M4_HARQ
ES/RTH/B1/1day/S-C_q0.90,90,M2_HAR|M3_HARJ|M4_HARQ|M5_RGARCH|M6_PARK,M1_EWMA|M2_HAR|M3_HARJ|M4_HARQ|M5_RGARCH|M6_GK|M6_PARK,True,M1_EWMA|M6_GK,
ES/RTH/B1/1h/S-A,75,M2_HAR|M4_HARQ,M2_HAR,True,,M4_HARQ
ES/RTH/B1/1h/S-A,90,M2_HAR|M4_HARQ,M2_HAR,True,,M4_HARQ
ES/RTH/B1/1h/S-B_q0.80,75,M2_HAR|M4_HARQ,M2_HAR,True,,M4_HARQ
ES/RTH/B1/1h/S-B_q0.80,90,M2_HAR|M4_HARQ,M2_HAR,True,,M4_HARQ
ES/RTH/B1/1h/S-C_q0.80,75,M2_HAR|M3_HARJ|M4_HARQ,M2_HAR,True,,M3_HARJ|M4_HARQ
ES/RTH/B1/1h/S-C_q0.80,90,M2_HAR|M3_HARJ|M4_HARQ,M2_HAR,True,,M3_HARJ|M4_HARQ
ES/RTH/B1/1h/S-B_q0.90,75,M2_HAR|M4_HARQ,M2_HAR,True,,M4_HARQ
ES/RTH/B1/1h/S-B_q0.90,90,M2_HAR|M3_HARJ|M4_HARQ,M2_HAR,True,,M3_HARJ|M4_HARQ
ES/RTH/B1/1h/S-C_q0.90,75,M2_HAR|M3_HARJ|M4_HARQ,M2_HAR,True,,M3_HARJ|M4_HARQ
ES/RTH/B1/1h/S-C_q0.90,90,M2_HAR|M3_HARJ|M4_HARQ,M2_HAR,True,,M3_HARJ|M4_HARQ
ES/RTH/B1/30min/S-A,75,M2_HAR|M3_HARJ|M4_HARQ,M2_HAR,True,,M3_HARJ|M4_HARQ
ES/RTH/B1/30min/S-A,90,M2_HAR|M3_HARJ|M4_HARQ,M2_HAR,True,,M3_HARJ|M4_HARQ
ES/RTH/B1/30min/S-B_q0.80,75,M2_HAR|M4_HARQ,M2_HAR,True,,M4_HARQ
ES/RTH/B1/30min/S-B_q0.80,90,M2_HAR|M3_HARJ|M4_HARQ,M2_HAR,True,,M3_HARJ|M4_HARQ
ES/RTH/B1/30min/S-C_q0.80,75,M2_HAR|M3_HARJ|M4_HARQ,M2_HAR,True,,M3_HARJ|M4_HARQ
ES/RTH/B1/30min/S-C_q0.80,90,M2_HAR|M3_HARJ|M4_HARQ,M2_HAR,True,,M3_HARJ|M4_HARQ
ES/RTH/B1/30min/S-B_q0.90,75,M2_HAR|M4_HARQ,M2_HAR,True,,M4_HARQ
ES/RTH/B1/30min/S-B_q0.90,90,M2_HAR|M3_HARJ|M4_HARQ,M2_HAR,True,,M3_HARJ|M4_HARQ
ES/RTH/B1/30min/S-C_q0.90,75,M2_HAR|M3_HARJ|M4_HARQ,M2_HAR,True,,M3_HARJ|M4_HARQ
ES/RTH/B1/30min/S-C_q0.90,90,M2_HAR|M3_HARJ|M4_HARQ,M2_HAR,True,,M3_HARJ|M4_HARQ
NQ/RTH/B0/1day/S-A,75,M2_HAR|M4_HARQ,M2_HAR,True,,M4_HARQ
NQ/RTH/B0/1day/S-A,90,M2_HAR|M4_HARQ,M2_HAR|M3_HARJ|M4_HARQ,True,M3_HARJ,
NQ/RTH/B0/1day/S-B_q0.80,75,M2_HAR|M3_HARJ|M4_HARQ,M2_HAR,True,,M3_HARJ|M4_HARQ
NQ/RTH/B0/1day/S-B_q0.80,90,M1_EWMA|M2_HAR|M3_HARJ|M4_HARQ,M2_HAR,True,,M1_EWMA|M3_HARJ|M4_HARQ
NQ/RTH/B0/1day/S-C_q0.80,75,M2_HAR|M3_HARJ|M4_HARQ,M2_HAR,True,,M3_HARJ|M4_HARQ
NQ/RTH/B0/1day/S-C_q0.80,90,M2_HAR|M3_HARJ|M4_HARQ,M2_HAR,True,,M3_HARJ|M4_HARQ
NQ/RTH/B0/1day/S-B_q0.90,75,M2_HAR|M3_HARJ|M4_HARQ,M2_HAR,True,,M3_HARJ|M4_HARQ
NQ/RTH/B0/1day/S-B_q0.90,90,M2_HAR|M3_HARJ|M4_HARQ,M1_EWMA|M2_HAR|M3_HARJ|M4_HARQ|M6_GK|M6_PARK,True,M1_EWMA|M6_GK|M6_PARK,
NQ/RTH/B0/1day/S-C_q0.90,75,M2_HAR|M3_HARJ|M4_HARQ,M2_HAR,True,,M3_HARJ|M4_HARQ
NQ/RTH/B0/1day/S-C_q0.90,90,M2_HAR|M3_HARJ|M4_HARQ|M6_PARK,M2_HAR,True,,M3_HARJ|M4_HARQ|M6_PARK
NQ/RTH/B0/1h/S-A,75,M2_HAR|M4_HARQ,M2_HAR,True,,M4_HARQ
NQ/RTH/B0/1h/S-A,90,M2_HAR|M4_HARQ,M2_HAR,True,,M4_HARQ
NQ/RTH/B0/1h/S-B_q0.80,75,M2_HAR|M4_HARQ,M2_HAR,True,,M4_HARQ
NQ/RTH/B0/1h/S-B_q0.80,90,M1_EWMA|M2_HAR|M4_HARQ,M1_EWMA|M2_HAR,True,,M4_HARQ
NQ/RTH/B0/1h/S-C_q0.80,75,M2_HAR|M4_HARQ,M2_HAR,True,,M4_HARQ
NQ/RTH/B0/1h/S-C_q0.80,90,M2_HAR|M4_HARQ,M2_HAR,True,,M4_HARQ
NQ/RTH/B0/1h/S-B_q0.90,75,M2_HAR|M4_HARQ,M2_HAR,True,,M4_HARQ
NQ/RTH/B0/1h/S-B_q0.90,90,M2_HAR|M4_HARQ,M1_EWMA|M2_HAR,True,M1_EWMA,M4_HARQ
NQ/RTH/B0/1h/S-C_q0.90,75,M2_HAR|M3_HARJ|M4_HARQ,M2_HAR,True,,M3_HARJ|M4_HARQ
NQ/RTH/B0/1h/S-C_q0.90,90,M2_HAR|M3_HARJ|M4_HARQ,M2_HAR,True,,M3_HARJ|M4_HARQ
NQ/RTH/B0/30min/S-A,75,M2_HAR|M3_HARJ|M4_HARQ,M2_HAR,True,,M3_HARJ|M4_HARQ
NQ/RTH/B0/30min/S-A,90,M2_HAR|M3_HARJ|M4_HARQ,M2_HAR,True,,M3_HARJ|M4_HARQ
NQ/RTH/B0/30min/S-B_q0.80,75,M2_HAR|M3_HARJ|M4_HARQ,M2_HAR,True,,M3_HARJ|M4_HARQ
NQ/RTH/B0/30min/S-B_q0.80,90,M2_HAR|M3_HARJ|M4_HARQ,M2_HAR,True,,M3_HARJ|M4_HARQ
NQ/RTH/B0/30min/S-C_q0.80,75,M2_HAR|M3_HARJ|M4_HARQ,M2_HAR,True,,M3_HARJ|M4_HARQ
NQ/RTH/B0/30min/S-C_q0.80,90,M2_HAR|M3_HARJ|M4_HARQ,M2_HAR,True,,M3_HARJ|M4_HARQ
NQ/RTH/B0/30min/S-B_q0.90,75,M2_HAR|M3_HARJ|M4_HARQ,M2_HAR,True,,M3_HARJ|M4_HARQ
NQ/RTH/B0/30min/S-B_q0.90,90,M2_HAR|M3_HARJ|M4_HARQ,M2_HAR,True,,M3_HARJ|M4_HARQ
NQ/RTH/B0/30min/S-C_q0.90,75,M2_HAR|M3_HARJ|M4_HARQ,M2_HAR,True,,M3_HARJ|M4_HARQ
NQ/RTH/B0/30min/S-C_q0.90,90,M2_HAR|M3_HARJ|M4_HARQ,M2_HAR,True,,M3_HARJ|M4_HARQ
NQ/RTH/B1/1day/S-A,75,M2_HAR|M3_HARJ|M4_HARQ,M2_HAR,True,,M3_HARJ|M4_HARQ
NQ/RTH/B1/1day/S-A,90,M2_HAR|M3_HARJ|M4_HARQ,M2_HAR,True,,M3_HARJ|M4_HARQ
NQ/RTH/B1/1day/S-B_q0.80,75,M2_HAR|M4_HARQ,M2_HAR,True,,M4_HARQ
NQ/RTH/B1/1day/S-B_q0.80,90,M1_EWMA|M2_HAR|M3_HARJ|M4_HARQ,M2_HAR,True,,M1_EWMA|M3_HARJ|M4_HARQ
NQ/RTH/B1/1day/S-C_q0.80,75,M2_HAR|M4_HARQ,M2_HAR,True,,M4_HARQ
NQ/RTH/B1/1day/S-C_q0.80,90,M2_HAR|M3_HARJ|M4_HARQ,M2_HAR,True,,M3_HARJ|M4_HARQ
NQ/RTH/B1/1day/S-B_q0.90,75,M2_HAR|M3_HARJ|M4_HARQ,M2_HAR,True,,M3_HARJ|M4_HARQ
NQ/RTH/B1/1day/S-B_q0.90,90,M2_HAR|M3_HARJ|M4_HARQ,M1_EWMA|M2_HAR|M3_HARJ|M4_HARQ|M6_GK|M6_PARK,True,M1_EWMA|M6_GK|M6_PARK,
NQ/RTH/B1/1day/S-C_q0.90,75,M2_HAR|M3_HARJ|M4_HARQ,M2_HAR,True,,M3_HARJ|M4_HARQ
NQ/RTH/B1/1day/S-C_q0.90,90,M2_HAR|M3_HARJ|M4_HARQ|M6_PARK,M2_HAR,True,,M3_HARJ|M4_HARQ|M6_PARK
NQ/RTH/B1/1h/S-A,75,M2_HAR|M4_HARQ,M2_HAR,True,,M4_HARQ
NQ/RTH/B1/1h/S-A,90,M2_HAR|M4_HARQ,M2_HAR,True,,M4_HARQ
NQ/RTH/B1/1h/S-B_q0.80,75,M2_HAR|M4_HARQ,M2_HAR,True,,M4_HARQ
NQ/RTH/B1/1h/S-B_q0.80,90,M2_HAR|M4_HARQ,M1_EWMA|M2_HAR,True,M1_EWMA,M4_HARQ
NQ/RTH/B1/1h/S-C_q0.80,75,M2_HAR|M4_HARQ,M2_HAR,True,,M4_HARQ
NQ/RTH/B1/1h/S-C_q0.80,90,M2_HAR|M4_HARQ,M2_HAR,True,,M4_HARQ
NQ/RTH/B1/1h/S-B_q0.90,75,M2_HAR|M4_HARQ,M2_HAR,True,,M4_HARQ
NQ/RTH/B1/1h/S-B_q0.90,90,M2_HAR|M4_HARQ,M2_HAR,True,,M4_HARQ
NQ/RTH/B1/1h/S-C_q0.90,75,M2_HAR|M3_HARJ|M4_HARQ,M2_HAR,True,,M3_HARJ|M4_HARQ
NQ/RTH/B1/1h/S-C_q0.90,90,M2_HAR|M3_HARJ|M4_HARQ,M2_HAR,True,,M3_HARJ|M4_HARQ
NQ/RTH/B1/30min/S-A,75,M2_HAR|M4_HARQ,M2_HAR,True,,M4_HARQ
NQ/RTH/B1/30min/S-A,90,M2_HAR|M3_HARJ|M4_HARQ,M2_HAR,True,,M3_HARJ|M4_HARQ
NQ/RTH/B1/30min/S-B_q0.80,75,M2_HAR|M3_HARJ|M4_HARQ,M2_HAR,True,,M3_HARJ|M4_HARQ
NQ/RTH/B1/30min/S-B_q0.80,90,M2_HAR|M3_HARJ|M4_HARQ,M2_HAR,True,,M3_HARJ|M4_HARQ
NQ/RTH/B1/30min/S-C_q0.80,75,M2_HAR|M3_HARJ|M4_HARQ,M2_HAR,True,,M3_HARJ|M4_HARQ
NQ/RTH/B1/30min/S-C_q0.80,90,M2_HAR|M3_HARJ|M4_HARQ,M2_HAR,True,,M3_HARJ|M4_HARQ
NQ/RTH/B1/30min/S-B_q0.90,75,M2_HAR|M3_HARJ|M4_HARQ,M2_HAR,True,,M3_HARJ|M4_HARQ
NQ/RTH/B1/30min/S-B_q0.90,90,M2_HAR|M3_HARJ|M4_HARQ,M2_HAR,True,,M3_HARJ|M4_HARQ
NQ/RTH/B1/30min/S-C_q0.90,75,M2_HAR|M3_HARJ|M4_HARQ,M2_HAR,True,,M3_HARJ|M4_HARQ
NQ/RTH/B1/30min/S-C_q0.90,90,M2_HAR|M3_HARJ|M4_HARQ,M2_HAR,True,,M3_HARJ|M4_HARQ
